txn_id,merchant_id,txn_ts,amount_inr,issuer_bank,status,failure_reason
0,MID100001,2024-08-13 10:20:50,522.55,HDFC,SUCCESS,
1,MID100001,2024-08-09 11:21:49,624.29,HDFC,SUCCESS,
2,MID100001,2024-08-07 19:38:36,908.86,SBI,SUCCESS,
3,MID100001,2024-08-26 19:20:31,76.31,ICICI,SUCCESS,
4,MID100001,2024-08-01 14:56:30,241.99,AXIS,SUCCESS,
5,MID100001,2024-08-25 11:05:47,233.16,KOTAK,SUCCESS,
6,MID100001,2024-08-12 19:56:00,420.53,PNB,SUCCESS,
7,MID100001,2024-08-25 15:33:41,547.12,PNB,SUCCESS,
8,MID100001,2024-08-13 19:16:22,869.33,PNB,SUCCESS,
9,MID100001,2024-08-05 12:08:18,264.97,CANARA,SUCCESS,
10,MID100001,2024-08-03 03:45:34,904.47,CANARA,SUCCESS,
11,MID100001,2024-08-01 18:57:23,245.65,CANARA,FAILED,ISSUER_DOWN
12,MID100002,2024-08-11 16:04:39,126.44,HDFC,SUCCESS,
13,MID100002,2024-08-28 18:31:53,74.22,HDFC,SUCCESS,
14,MID100002,2024-08-18 08:39:29,76.24,HDFC,SUCCESS,
15,MID100002,2024-08-25 03:08:22,157.61,HDFC,SUCCESS,
16,MID100002,2024-08-16 09:49:19,127.9,HDFC,SUCCESS,
17,MID100002,2024-08-07 13:40:41,30.77,HDFC,SUCCESS,
18,MID100002,2024-08-02 17:24:55,33.12,HDFC,SUCCESS,
19,MID100002,2024-08-19 11:46:25,101.85,HDFC,SUCCESS,
20,MID100002,2024-08-03 11:49:55,28.25,HDFC,SUCCESS,
21,MID100002,2024-08-20 21:30:36,85.27,HDFC,SUCCESS,
22,MID100002,2024-08-25 08:11:59,44.45,HDFC,SUCCESS,
23,MID100002,2024-08-12 08:47:02,94.85,HDFC,SUCCESS,
24,MID100002,2024-08-02 17:39:12,141.86,HDFC,SUCCESS,
25,MID100002,2024-08-12 07:06:57,109.14,HDFC,SUCCESS,
26,MID100002,2024-08-15 19:51:04,196.34,HDFC,SUCCESS,
27,MID100002,2024-08-29 19:30:11,326.25,HDFC,SUCCESS,
28,MID100002,2024-08-18 19:51:20,105.75,HDFC,SUCCESS,
29,MID100002,2024-08-07 15:54:38,89.53,HDFC,SUCCESS,
30,MID100002,2024-08-03 08:23:19,60.67,HDFC,SUCCESS,
31,MID100002,2024-08-28 20:48:24,38.53,HDFC,SUCCESS,
32,MID100002,2024-08-02 13:30:33,70.76,HDFC,SUCCESS,
33,MID100002,2024-08-24 15:47:55,144.1,HDFC,SUCCESS,
34,MID100002,2024-08-01 15:27:58,86.5,HDFC,SUCCESS,
35,MID100002,2024-08-12 19:23:24,39.42,HDFC,SUCCESS,
36,MID100002,2024-08-10 13:27:55,372.79,HDFC,SUCCESS,
37,MID100002,2024-08-04 19:30:58,87.94,HDFC,SUCCESS,
38,MID100002,2024-08-10 17:13:04,136.86,HDFC,SUCCESS,
39,MID100002,2024-08-05 12:50:15,258.6,HDFC,SUCCESS,
40,MID100002,2024-08-03 19:57:24,173.86,HDFC,SUCCESS,
41,MID100002,2024-08-12 18:48:51,79.62,HDFC,SUCCESS,
42,MID100002,2024-08-19 22:37:17,89.93,HDFC,SUCCESS,
43,MID100002,2024-08-08 19:52:04,70.34,HDFC,SUCCESS,
44,MID100002,2024-08-09 16:23:33,264.11,HDFC,SUCCESS,
45,MID100002,2024-08-27 12:14:34,215.66,HDFC,SUCCESS,
46,MID100002,2024-08-17 10:51:53,124.42,HDFC,SUCCESS,
47,MID100002,2024-08-22 19:44:51,255.99,HDFC,SUCCESS,
48,MID100002,2024-08-02 16:35:01,89.39,HDFC,SUCCESS,
49,MID100002,2024-08-26 18:51:29,8.99,HDFC,SUCCESS,
50,MID100002,2024-08-17 12:47:43,124.58,SBI,SUCCESS,
51,MID100002,2024-08-16 09:42:08,220.15,SBI,SUCCESS,
52,MID100002,2024-08-21 14:45:28,38.4,SBI,SUCCESS,
53,MID100002,2024-08-21 06:38:19,474.23,ICICI,FAILED,INSUFFICIENT_FUNDS
54,MID100002,2024-08-03 10:01:07,21.33,ICICI,SUCCESS,
55,MID100002,2024-08-23 11:55:58,56.33,ICICI,SUCCESS,
56,MID100002,2024-08-11 08:13:12,51.31,ICICI,SUCCESS,
57,MID100002,2024-08-11 06:58:04,96.06,ICICI,SUCCESS,
58,MID100002,2024-08-25 16:17:32,105.01,ICICI,SUCCESS,
59,MID100002,2024-08-19 09:09:20,49.21,ICICI,SUCCESS,
60,MID100002,2024-08-15 17:21:12,126.16,ICICI,SUCCESS,
61,MID100002,2024-08-27 06:13:28,172.04,ICICI,SUCCESS,
62,MID100002,2024-08-19 12:37:21,41.54,ICICI,SUCCESS,
63,MID100002,2024-08-09 07:45:53,228.57,ICICI,SUCCESS,
64,MID100002,2024-08-26 07:25:18,89.66,ICICI,SUCCESS,
65,MID100002,2024-08-10 14:53:31,35.92,ICICI,FAILED,INCORRECT_PIN
66,MID100002,2024-08-05 11:16:43,257.0,ICICI,SUCCESS,
67,MID100002,2024-08-29 16:14:57,50.63,AXIS,SUCCESS,
68,MID100002,2024-08-19 14:16:25,142.48,AXIS,SUCCESS,
69,MID100002,2024-08-18 13:00:09,73.86,KOTAK,SUCCESS,
70,MID100002,2024-08-27 15:44:14,19.86,KOTAK,SUCCESS,
71,MID100002,2024-08-01 20:33:51,984.68,KOTAK,SUCCESS,
72,MID100002,2024-08-24 14:24:38,212.13,PNB,SUCCESS,
73,MID100002,2024-08-05 08:07:13,271.58,PNB,SUCCESS,
74,MID100002,2024-08-01 11:56:04,108.9,PNB,SUCCESS,
75,MID100002,2024-08-05 16:56:18,79.16,PNB,SUCCESS,
76,MID100002,2024-08-24 11:33:11,200.69,PNB,SUCCESS,
77,MID100002,2024-08-11 11:04:54,64.59,PNB,FAILED,ISSUER_DOWN
78,MID100002,2024-08-19 05:42:49,83.12,PNB,SUCCESS,
79,MID100002,2024-08-19 08:08:24,263.77,BOB,SUCCESS,
80,MID100002,2024-08-23 21:48:06,38.66,CANARA,SUCCESS,
81,MID100002,2024-08-04 19:47:27,146.86,CANARA,SUCCESS,
82,MID100002,2024-08-24 10:48:07,317.56,UNION,SUCCESS,
83,MID100002,2024-08-17 09:23:15,542.17,UNION,SUCCESS,
84,MID100002,2024-08-24 16:56:58,318.07,UNION,SUCCESS,
85,MID100002,2024-08-26 18:07:36,108.8,UNION,SUCCESS,
86,MID100002,2024-08-31 15:11:17,125.86,UNION,SUCCESS,
87,MID100002,2024-08-12 10:25:38,116.41,UNION,SUCCESS,
88,MID100002,2024-08-11 14:04:45,124.34,UNION,SUCCESS,
89,MID100002,2024-08-07 13:07:55,222.45,UNION,SUCCESS,
90,MID100002,2024-08-03 13:34:53,47.68,UNION,SUCCESS,
91,MID100002,2024-08-01 08:42:33,159.04,UNION,SUCCESS,
92,MID100002,2024-08-13 16:53:25,83.54,UNION,SUCCESS,
93,MID100002,2024-08-17 07:15:13,62.08,UNION,SUCCESS,
94,MID100002,2024-08-21 23:42:44,35.98,YES,SUCCESS,
95,MID100002,2024-08-04 12:02:34,251.8,IDFC,SUCCESS,
96,MID100002,2024-08-09 15:49:26,38.59,IDFC,SUCCESS,
97,MID100002,2024-08-05 17:07:39,196.16,RRB_GRAMIN,SUCCESS,
98,MID100002,2024-08-12 17:11:58,168.71,RRB_GRAMIN,SUCCESS,
99,MID100004,2024-08-20 13:00:12,144.11,HDFC,SUCCESS,
100,MID100004,2024-08-27 19:34:48,217.73,HDFC,SUCCESS,
101,MID100004,2024-08-28 10:28:21,546.22,HDFC,SUCCESS,
102,MID100004,2024-08-03 18:07:37,130.56,HDFC,SUCCESS,
103,MID100004,2024-08-03 18:44:55,365.13,HDFC,SUCCESS,
104,MID100004,2024-08-13 18:48:10,101.4,HDFC,FAILED,INSUFFICIENT_FUNDS
105,MID100004,2024-08-08 20:59:04,328.73,HDFC,SUCCESS,
106,MID100004,2024-08-12 20:19:18,355.84,HDFC,SUCCESS,
107,MID100004,2024-08-19 20:12:39,100.37,HDFC,SUCCESS,
108,MID100004,2024-08-16 19:25:15,172.04,HDFC,SUCCESS,
109,MID100004,2024-08-02 22:42:18,122.44,HDFC,SUCCESS,
110,MID100004,2024-08-07 10:46:26,507.42,HDFC,SUCCESS,
111,MID100004,2024-08-27 17:14:39,380.96,HDFC,SUCCESS,
112,MID100004,2024-08-11 13:22:43,317.12,HDFC,SUCCESS,
113,MID100004,2024-08-09 12:59:13,193.49,HDFC,SUCCESS,
114,MID100004,2024-08-09 18:15:41,299.1,HDFC,SUCCESS,
115,MID100004,2024-08-18 17:25:31,493.58,HDFC,SUCCESS,
116,MID100004,2024-08-25 19:30:51,568.61,HDFC,SUCCESS,
117,MID100004,2024-08-12 08:32:09,112.67,HDFC,SUCCESS,
118,MID100004,2024-08-19 21:41:06,285.84,HDFC,SUCCESS,
119,MID100004,2024-08-09 15:28:58,48.25,SBI,SUCCESS,
120,MID100004,2024-08-16 18:04:44,210.39,SBI,SUCCESS,
121,MID100004,2024-08-29 19:40:14,188.15,SBI,SUCCESS,
122,MID100004,2024-08-17 11:09:36,1002.78,SBI,SUCCESS,
123,MID100004,2024-08-23 16:33:32,101.7,SBI,SUCCESS,
124,MID100004,2024-08-23 08:57:15,230.42,SBI,SUCCESS,
125,MID100004,2024-08-24 20:15:34,276.62,ICICI,SUCCESS,
126,MID100004,2024-08-28 21:09:58,176.46,ICICI,SUCCESS,
127,MID100004,2024-08-10 15:09:51,1013.26,ICICI,SUCCESS,
128,MID100004,2024-08-17 10:43:16,241.85,ICICI,SUCCESS,
129,MID100004,2024-08-11 19:08:23,29.91,ICICI,FAILED,ISSUER_DOWN
130,MID100004,2024-08-11 19:05:40,203.31,AXIS,SUCCESS,
131,MID100004,2024-08-09 20:15:41,561.56,AXIS,SUCCESS,
132,MID100004,2024-08-25 20:37:37,104.79,AXIS,SUCCESS,
133,MID100004,2024-08-11 18:36:26,489.28,AXIS,SUCCESS,
134,MID100004,2024-08-24 09:33:26,786.36,AXIS,SUCCESS,
135,MID100004,2024-08-14 20:31:45,97.59,AXIS,SUCCESS,
136,MID100004,2024-08-18 10:53:11,116.77,AXIS,SUCCESS,
137,MID100004,2024-08-16 20:52:24,415.03,AXIS,SUCCESS,
138,MID100004,2024-08-04 20:28:36,240.05,AXIS,SUCCESS,
139,MID100004,2024-08-14 22:58:12,110.63,AXIS,SUCCESS,
140,MID100004,2024-08-24 21:41:23,44.3,AXIS,SUCCESS,
141,MID100004,2024-08-28 21:14:27,394.07,AXIS,SUCCESS,
142,MID100004,2024-08-21 18:58:57,418.51,KOTAK,SUCCESS,
143,MID100004,2024-08-04 12:39:37,397.83,KOTAK,SUCCESS,
144,MID100004,2024-08-27 19:33:37,165.17,PNB,SUCCESS,
145,MID100004,2024-08-13 21:39:57,357.5,PNB,SUCCESS,
146,MID100004,2024-08-07 10:11:09,600.16,PNB,SUCCESS,
147,MID100004,2024-08-23 11:33:08,119.41,PNB,SUCCESS,
148,MID100004,2024-08-05 11:15:55,85.61,PNB,SUCCESS,
149,MID100004,2024-08-26 18:24:03,113.06,PNB,SUCCESS,
150,MID100004,2024-08-20 10:08:52,203.57,PNB,SUCCESS,
151,MID100004,2024-08-15 13:11:40,81.81,PNB,FAILED,INSUFFICIENT_FUNDS
152,MID100004,2024-08-25 20:34:58,201.33,PNB,SUCCESS,
153,MID100004,2024-08-31 07:52:19,257.67,PNB,SUCCESS,
154,MID100004,2024-08-10 20:15:26,176.41,PNB,FAILED,INSUFFICIENT_FUNDS
155,MID100004,2024-08-31 13:41:27,1638.34,PNB,SUCCESS,
156,MID100004,2024-08-06 19:20:32,48.79,PNB,SUCCESS,
157,MID100004,2024-08-14 17:28:25,149.29,PNB,FAILED,INCORRECT_PIN
158,MID100004,2024-08-02 10:58:44,248.86,PNB,SUCCESS,
159,MID100004,2024-08-08 00:52:37,457.92,PNB,FAILED,TECHNICAL_DECLINE
160,MID100004,2024-08-11 21:21:32,355.85,PNB,SUCCESS,
161,MID100004,2024-08-23 18:09:18,125.38,PNB,SUCCESS,
162,MID100004,2024-08-11 19:10:28,119.76,PNB,SUCCESS,
163,MID100004,2024-08-08 19:55:06,347.33,PNB,SUCCESS,
164,MID100004,2024-08-02 07:24:13,50.23,PNB,SUCCESS,
165,MID100004,2024-08-25 15:30:48,446.13,PNB,SUCCESS,
166,MID100004,2024-08-10 16:34:30,194.3,CANARA,SUCCESS,
167,MID100004,2024-08-30 14:23:18,181.31,CANARA,SUCCESS,
168,MID100004,2024-08-23 17:15:18,272.78,IDFC,SUCCESS,
169,MID100005,2024-08-02 16:32:54,141.62,HDFC,SUCCESS,
170,MID100005,2024-08-10 16:27:56,209.07,HDFC,SUCCESS,
171,MID100005,2024-08-13 08:06:15,72.9,HDFC,SUCCESS,
172,MID100005,2024-08-11 06:15:16,88.7,HDFC,SUCCESS,
173,MID100005,2024-08-04 19:41:02,86.45,HDFC,SUCCESS,
174,MID100005,2024-08-01 17:12:38,151.81,HDFC,SUCCESS,
175,MID100005,2024-08-17 08:04:24,189.68,HDFC,SUCCESS,
176,MID100005,2024-08-27 07:34:14,105.02,HDFC,SUCCESS,
177,MID100005,2024-08-19 19:10:36,53.9,HDFC,SUCCESS,
178,MID100005,2024-08-13 18:54:31,147.82,HDFC,SUCCESS,
179,MID100005,2024-08-03 05:41:38,99.39,HDFC,SUCCESS,
180,MID100005,2024-08-28 19:32:37,61.87,HDFC,SUCCESS,
181,MID100005,2024-08-21 03:08:58,256.14,SBI,SUCCESS,
182,MID100005,2024-08-22 16:51:51,44.1,SBI,SUCCESS,
183,MID100005,2024-08-02 11:35:50,103.24,SBI,FAILED,TIMEOUT
184,MID100005,2024-08-25 18:11:03,60.59,SBI,SUCCESS,
185,MID100005,2024-08-08 07:42:29,139.35,SBI,SUCCESS,
186,MID100005,2024-08-11 08:13:22,98.66,SBI,SUCCESS,
187,MID100005,2024-08-24 19:08:27,248.03,SBI,SUCCESS,
188,MID100005,2024-08-17 13:16:15,103.2,ICICI,SUCCESS,
189,MID100005,2024-08-17 18:16:52,98.76,ICICI,SUCCESS,
190,MID100005,2024-08-17 13:36:19,25.24,KOTAK,SUCCESS,
191,MID100005,2024-08-31 15:00:40,191.59,KOTAK,SUCCESS,
192,MID100005,2024-08-31 16:43:35,33.46,CANARA,SUCCESS,
193,MID100005,2024-08-12 16:05:36,78.83,CANARA,SUCCESS,
194,MID100005,2024-08-21 11:26:44,143.07,CANARA,SUCCESS,
195,MID100005,2024-08-31 11:14:18,37.24,UNION,SUCCESS,
196,MID100005,2024-08-11 19:46:36,82.13,UNION,SUCCESS,
197,MID100005,2024-08-24 18:25:43,186.46,UNION,SUCCESS,
198,MID100005,2024-08-10 09:06:48,465.14,UNION,SUCCESS,
199,MID100005,2024-08-14 10:24:52,133.2,UNION,FAILED,TECHNICAL_DECLINE
200,MID100006,2024-08-20 16:27:05,482.53,HDFC,SUCCESS,
201,MID100006,2024-08-05 13:39:49,1396.39,HDFC,SUCCESS,
202,MID100006,2024-08-21 19:48:06,1054.98,HDFC,SUCCESS,
203,MID100006,2024-08-28 18:08:48,446.34,HDFC,SUCCESS,
204,MID100006,2024-08-25 12:08:33,388.92,HDFC,SUCCESS,
205,MID100006,2024-08-24 21:48:54,431.05,HDFC,SUCCESS,
206,MID100006,2024-08-14 09:48:30,364.47,SBI,SUCCESS,
207,MID100006,2024-08-23 10:41:57,604.39,SBI,SUCCESS,
208,MID100006,2024-08-13 17:54:17,1024.01,SBI,SUCCESS,
209,MID100006,2024-08-04 12:38:30,580.39,SBI,SUCCESS,
210,MID100006,2024-08-10 20:46:16,175.55,SBI,FAILED,USER_CANCELLED
211,MID100006,2024-08-25 20:01:39,367.85,SBI,SUCCESS,
212,MID100006,2024-08-01 19:52:59,72.94,SBI,SUCCESS,
213,MID100006,2024-08-21 10:30:53,1890.14,SBI,SUCCESS,
214,MID100006,2024-08-18 14:00:02,522.5,SBI,SUCCESS,
215,MID100006,2024-08-25 21:30:05,186.69,SBI,SUCCESS,
216,MID100006,2024-08-19 14:50:26,496.33,SBI,SUCCESS,
217,MID100006,2024-08-12 18:35:13,290.83,SBI,SUCCESS,
218,MID100006,2024-08-21 05:07:29,646.55,SBI,SUCCESS,
219,MID100006,2024-08-14 01:29:54,155.47,SBI,SUCCESS,
220,MID100006,2024-08-26 09:58:00,415.66,SBI,SUCCESS,
221,MID100006,2024-08-14 23:34:20,675.99,SBI,SUCCESS,
222,MID100006,2024-08-06 14:49:03,328.61,SBI,SUCCESS,
223,MID100006,2024-08-26 17:22:11,246.61,SBI,SUCCESS,
224,MID100006,2024-08-15 07:34:09,307.65,ICICI,SUCCESS,
225,MID100006,2024-08-23 14:07:58,199.15,ICICI,SUCCESS,
226,MID100006,2024-08-10 09:08:12,207.82,ICICI,SUCCESS,
227,MID100006,2024-08-10 19:01:49,716.05,ICICI,FAILED,INSUFFICIENT_FUNDS
228,MID100006,2024-08-02 20:19:24,929.3,ICICI,SUCCESS,
229,MID100006,2024-08-07 08:16:03,1036.56,ICICI,SUCCESS,
230,MID100006,2024-08-15 16:48:55,414.08,ICICI,SUCCESS,
231,MID100006,2024-08-21 15:29:31,857.46,ICICI,SUCCESS,
232,MID100006,2024-08-25 20:16:04,369.75,ICICI,SUCCESS,
233,MID100006,2024-08-10 10:06:08,540.9,ICICI,SUCCESS,
234,MID100006,2024-08-04 19:24:02,410.29,ICICI,SUCCESS,
235,MID100006,2024-08-21 10:20:41,701.68,ICICI,SUCCESS,
236,MID100006,2024-08-26 17:01:39,291.44,ICICI,SUCCESS,
237,MID100006,2024-08-21 13:29:27,348.48,ICICI,SUCCESS,
238,MID100006,2024-08-30 17:25:09,295.24,AXIS,SUCCESS,
239,MID100006,2024-08-18 18:56:38,262.27,AXIS,SUCCESS,
240,MID100006,2024-08-17 09:05:29,300.6,AXIS,SUCCESS,
241,MID100006,2024-08-31 17:00:37,71.1,AXIS,SUCCESS,
242,MID100006,2024-08-17 22:34:44,300.1,KOTAK,SUCCESS,
243,MID100006,2024-08-07 08:09:39,301.44,KOTAK,SUCCESS,
244,MID100006,2024-08-30 12:12:40,214.62,BOB,SUCCESS,
245,MID100006,2024-08-30 17:06:49,239.18,BOB,SUCCESS,
246,MID100006,2024-08-29 13:28:23,253.46,BOB,SUCCESS,
247,MID100006,2024-08-18 15:29:45,152.49,CANARA,SUCCESS,
248,MID100006,2024-08-23 13:17:28,273.69,CANARA,SUCCESS,
249,MID100006,2024-08-01 18:39:26,386.22,IDFC,SUCCESS,
250,MID100006,2024-08-25 06:41:19,95.44,PAYTM_PB,SUCCESS,
251,MID100006,2024-08-03 15:15:10,304.7,PAYTM_PB,SUCCESS,
252,MID100006,2024-08-06 18:32:09,249.39,RRB_GRAMIN,SUCCESS,
253,MID100006,2024-08-22 19:17:21,424.5,RRB_GRAMIN,SUCCESS,
254,MID100006,2024-08-06 22:46:25,409.72,RRB_GRAMIN,SUCCESS,
255,MID100006,2024-08-20 16:31:25,408.46,RRB_GRAMIN,SUCCESS,
256,MID100006,2024-08-18 07:03:04,175.88,RRB_GRAMIN,FAILED,TIMEOUT
257,MID100006,2024-08-21 01:37:08,437.96,RRB_GRAMIN,SUCCESS,
258,MID100007,2024-08-04 07:03:34,410.95,HDFC,SUCCESS,
259,MID100007,2024-08-21 10:22:52,46.03,HDFC,SUCCESS,
260,MID100007,2024-08-18 20:08:05,83.55,KOTAK,SUCCESS,
261,MID100007,2024-08-26 08:50:12,615.17,PNB,SUCCESS,
262,MID100007,2024-08-31 15:02:40,7.03,UNION,SUCCESS,
263,MID100007,2024-08-13 14:18:11,38.35,IDFC,SUCCESS,
264,MID100008,2024-08-18 09:36:54,268.18,HDFC,SUCCESS,
265,MID100008,2024-08-21 21:13:36,128.24,HDFC,FAILED,INCORRECT_PIN
266,MID100008,2024-08-11 17:08:54,108.7,SBI,SUCCESS,
267,MID100008,2024-08-15 14:34:49,180.15,ICICI,SUCCESS,
268,MID100008,2024-08-15 21:01:26,64.79,ICICI,SUCCESS,
269,MID100008,2024-08-02 19:21:01,52.61,ICICI,SUCCESS,
270,MID100008,2024-08-01 19:59:47,60.97,ICICI,SUCCESS,
271,MID100008,2024-08-13 10:05:58,37.48,ICICI,SUCCESS,
272,MID100008,2024-08-15 13:13:43,498.14,ICICI,SUCCESS,
273,MID100008,2024-08-13 19:19:22,242.9,AXIS,SUCCESS,
274,MID100008,2024-08-14 10:51:59,141.4,AXIS,SUCCESS,
275,MID100008,2024-08-11 16:23:19,215.08,AXIS,SUCCESS,
276,MID100008,2024-08-17 14:12:00,68.83,AXIS,SUCCESS,
277,MID100008,2024-08-08 15:07:02,467.7,AXIS,SUCCESS,
278,MID100008,2024-08-10 18:48:17,306.98,AXIS,SUCCESS,
279,MID100008,2024-08-04 11:22:06,305.79,AXIS,SUCCESS,
280,MID100008,2024-08-07 19:00:17,96.16,KOTAK,SUCCESS,
281,MID100008,2024-08-29 19:15:23,216.79,KOTAK,SUCCESS,
282,MID100008,2024-08-21 15:44:18,146.11,KOTAK,SUCCESS,
283,MID100008,2024-08-18 09:46:28,260.15,KOTAK,SUCCESS,
284,MID100008,2024-08-24 16:42:37,141.82,KOTAK,SUCCESS,
285,MID100008,2024-08-14 10:10:39,110.25,PNB,SUCCESS,
286,MID100008,2024-08-01 10:28:43,214.33,BOB,SUCCESS,
287,MID100008,2024-08-01 02:59:31,359.13,CANARA,SUCCESS,
288,MID100008,2024-08-03 09:35:08,124.44,CANARA,SUCCESS,
289,MID100008,2024-08-05 17:39:11,143.47,CANARA,SUCCESS,
290,MID100008,2024-08-04 11:21:47,167.51,UNION,SUCCESS,
291,MID100008,2024-08-04 22:43:35,223.52,UNION,SUCCESS,
292,MID100008,2024-08-14 11:28:52,426.25,UNION,SUCCESS,
293,MID100008,2024-08-27 13:20:38,133.62,UNION,SUCCESS,
294,MID100008,2024-08-11 15:56:59,196.94,UNION,SUCCESS,
295,MID100008,2024-08-20 17:18:58,181.11,YES,SUCCESS,
296,MID100008,2024-08-17 08:37:58,540.95,IDFC,SUCCESS,
297,MID100008,2024-08-22 10:47:12,82.99,IDFC,SUCCESS,
298,MID100014,2024-08-22 12:45:42,343.77,HDFC,SUCCESS,
299,MID100014,2024-08-17 18:45:30,342.91,SBI,SUCCESS,
300,MID100014,2024-08-22 17:26:59,375.51,SBI,SUCCESS,
301,MID100014,2024-08-06 11:55:59,491.56,SBI,SUCCESS,
302,MID100014,2024-08-20 14:06:06,591.97,SBI,SUCCESS,
303,MID100014,2024-08-28 20:26:36,227.74,SBI,SUCCESS,
304,MID100014,2024-08-25 20:49:45,144.46,SBI,SUCCESS,
305,MID100014,2024-08-22 13:08:21,548.44,SBI,SUCCESS,
306,MID100014,2024-08-27 22:36:16,265.83,SBI,SUCCESS,
307,MID100014,2024-08-25 12:33:43,671.07,SBI,SUCCESS,
308,MID100014,2024-08-11 17:49:04,411.91,SBI,SUCCESS,
309,MID100014,2024-08-05 19:20:49,669.2,SBI,SUCCESS,
310,MID100014,2024-08-01 12:31:34,878.67,SBI,SUCCESS,
311,MID100014,2024-08-10 22:15:33,481.83,SBI,SUCCESS,
312,MID100014,2024-08-20 16:58:14,706.8,SBI,SUCCESS,
313,MID100014,2024-08-09 18:49:22,261.61,SBI,SUCCESS,
314,MID100014,2024-08-29 11:42:06,213.08,SBI,SUCCESS,
315,MID100014,2024-08-24 13:11:49,115.87,SBI,SUCCESS,
316,MID100014,2024-08-27 19:15:08,771.12,SBI,SUCCESS,
317,MID100014,2024-08-05 21:25:13,273.41,SBI,SUCCESS,
318,MID100014,2024-08-31 13:44:18,177.21,SBI,SUCCESS,
319,MID100014,2024-08-20 22:11:44,256.89,SBI,SUCCESS,
320,MID100014,2024-08-19 12:57:21,113.95,SBI,SUCCESS,
321,MID100014,2024-08-13 16:08:39,130.19,SBI,SUCCESS,
322,MID100014,2024-08-28 14:16:54,138.35,SBI,FAILED,INSUFFICIENT_FUNDS
323,MID100014,2024-08-27 03:11:58,273.5,SBI,SUCCESS,
324,MID100014,2024-08-06 17:21:34,90.61,SBI,SUCCESS,
325,MID100014,2024-08-25 11:16:13,245.08,SBI,SUCCESS,
326,MID100014,2024-08-06 20:23:51,120.56,SBI,SUCCESS,
327,MID100014,2024-08-15 11:03:52,220.33,SBI,SUCCESS,
328,MID100014,2024-08-04 19:56:14,397.91,SBI,SUCCESS,
329,MID100014,2024-08-04 08:53:45,134.7,SBI,SUCCESS,
330,MID100014,2024-08-02 02:57:42,519.59,ICICI,SUCCESS,
331,MID100014,2024-08-10 12:41:14,151.39,AXIS,FAILED,INCORRECT_PIN
332,MID100014,2024-08-18 10:51:51,479.76,KOTAK,SUCCESS,
333,MID100014,2024-08-04 19:22:15,678.92,KOTAK,SUCCESS,
334,MID100014,2024-08-26 09:52:15,292.81,PNB,SUCCESS,
335,MID100014,2024-08-27 18:16:39,258.44,PNB,SUCCESS,
336,MID100014,2024-08-07 18:16:15,378.28,PNB,SUCCESS,
337,MID100014,2024-08-17 21:42:54,595.73,PNB,SUCCESS,
338,MID100014,2024-08-25 20:10:12,523.57,PNB,SUCCESS,
339,MID100014,2024-08-26 12:36:31,21.92,PNB,FAILED,INSUFFICIENT_FUNDS
340,MID100014,2024-08-15 20:49:03,603.68,PNB,SUCCESS,
341,MID100014,2024-08-04 08:03:03,226.57,PNB,SUCCESS,
342,MID100014,2024-08-29 16:19:22,468.53,PNB,SUCCESS,
343,MID100014,2024-08-28 11:46:08,70.83,BOB,SUCCESS,
344,MID100014,2024-08-08 20:14:05,277.45,BOB,FAILED,INSUFFICIENT_FUNDS
345,MID100014,2024-08-24 20:07:32,636.3,BOB,SUCCESS,
346,MID100014,2024-08-01 10:24:39,383.81,CANARA,SUCCESS,
347,MID100014,2024-08-08 12:28:21,182.63,CANARA,SUCCESS,
348,MID100014,2024-08-22 21:47:32,122.33,CANARA,SUCCESS,
349,MID100014,2024-08-11 13:14:53,223.72,CANARA,SUCCESS,
350,MID100014,2024-08-29 06:59:40,233.38,CANARA,SUCCESS,
351,MID100014,2024-08-31 10:36:07,319.86,CANARA,SUCCESS,
352,MID100014,2024-08-07 17:34:05,149.95,CANARA,SUCCESS,
353,MID100014,2024-08-02 12:28:08,128.85,CANARA,SUCCESS,
354,MID100014,2024-08-22 18:05:43,109.68,CANARA,SUCCESS,
355,MID100014,2024-08-19 20:15:19,245.53,CANARA,SUCCESS,
356,MID100014,2024-08-05 11:34:29,368.81,CANARA,SUCCESS,
357,MID100014,2024-08-23 12:59:41,175.34,UNION,SUCCESS,
358,MID100014,2024-08-24 18:12:05,242.34,IDFC,SUCCESS,
359,MID100014,2024-08-18 20:13:30,403.77,IDFC,SUCCESS,
360,MID100014,2024-08-01 11:05:49,655.67,IDFC,SUCCESS,
361,MID100014,2024-08-09 15:08:43,536.13,IDFC,SUCCESS,
362,MID100014,2024-08-29 19:29:03,266.59,IDFC,SUCCESS,
363,MID100014,2024-08-25 20:03:11,40.81,IDFC,SUCCESS,
364,MID100014,2024-08-29 20:01:08,792.71,IDFC,SUCCESS,
365,MID100014,2024-08-01 19:55:35,432.13,IDFC,SUCCESS,
366,MID100014,2024-08-18 15:48:31,140.87,IDFC,SUCCESS,
367,MID100014,2024-08-26 17:42:51,54.87,AU_SFB,SUCCESS,
368,MID100014,2024-08-09 23:03:05,74.49,AU_SFB,SUCCESS,
369,MID100014,2024-08-08 09:23:27,319.53,AU_SFB,SUCCESS,
370,MID100014,2024-08-28 14:16:44,180.78,AU_SFB,SUCCESS,
371,MID100014,2024-08-29 17:04:23,209.78,AU_SFB,SUCCESS,
372,MID100014,2024-08-17 15:03:59,189.87,AU_SFB,SUCCESS,
373,MID100014,2024-08-31 16:56:12,225.33,PAYTM_PB,SUCCESS,
374,MID100014,2024-08-17 19:11:06,198.53,RRB_GRAMIN,SUCCESS,
375,MID100014,2024-08-08 13:43:55,581.4,RRB_GRAMIN,SUCCESS,
376,MID100014,2024-08-08 19:25:53,641.5,RRB_GRAMIN,SUCCESS,
377,MID100014,2024-08-10 20:02:23,157.35,RRB_GRAMIN,SUCCESS,
378,MID100014,2024-08-02 18:54:35,179.64,RRB_GRAMIN,SUCCESS,
379,MID100014,2024-08-29 06:38:02,70.91,RRB_GRAMIN,SUCCESS,
380,MID100014,2024-08-08 16:39:50,133.35,RRB_GRAMIN,SUCCESS,
381,MID100014,2024-08-22 12:15:25,339.31,RRB_GRAMIN,FAILED,USER_CANCELLED
382,MID100015,2024-08-04 11:47:25,505.72,SBI,SUCCESS,
383,MID100015,2024-08-16 06:35:46,1786.96,SBI,SUCCESS,
384,MID100015,2024-08-04 18:32:03,1560.69,SBI,SUCCESS,
385,MID100015,2024-08-08 13:26:44,321.61,SBI,SUCCESS,
386,MID100015,2024-08-05 09:55:09,761.7,AXIS,SUCCESS,
387,MID100015,2024-08-03 17:45:41,1063.57,PNB,SUCCESS,
388,MID100015,2024-08-22 10:55:14,157.45,PNB,SUCCESS,
389,MID100015,2024-08-20 17:11:56,645.39,RRB_GRAMIN,FAILED,INSUFFICIENT_FUNDS
390,MID100016,2024-08-09 17:54:28,969.85,HDFC,SUCCESS,
391,MID100016,2024-08-24 13:02:20,558.96,HDFC,SUCCESS,
392,MID100016,2024-08-10 10:13:52,434.96,KOTAK,SUCCESS,
393,MID100017,2024-08-31 09:37:07,351.37,HDFC,SUCCESS,
394,MID100017,2024-08-15 15:02:35,179.85,HDFC,SUCCESS,
395,MID100017,2024-08-23 09:49:48,493.93,HDFC,SUCCESS,
396,MID100017,2024-08-27 13:07:31,236.11,HDFC,SUCCESS,
397,MID100017,2024-08-16 17:51:52,433.08,HDFC,SUCCESS,
398,MID100017,2024-08-03 09:04:29,627.08,SBI,SUCCESS,
399,MID100017,2024-08-19 10:44:52,327.06,SBI,SUCCESS,
400,MID100017,2024-08-29 16:48:20,240.83,ICICI,SUCCESS,
401,MID100017,2024-08-27 18:22:26,328.99,ICICI,SUCCESS,
402,MID100017,2024-08-20 10:31:27,137.71,ICICI,SUCCESS,
403,MID100017,2024-08-07 07:23:01,272.17,ICICI,SUCCESS,
404,MID100017,2024-08-22 19:40:52,414.32,ICICI,SUCCESS,
405,MID100017,2024-08-18 21:45:59,364.63,ICICI,SUCCESS,
406,MID100017,2024-08-13 18:13:33,624.05,ICICI,SUCCESS,
407,MID100017,2024-08-29 13:22:53,87.1,ICICI,SUCCESS,
408,MID100017,2024-08-28 11:10:02,277.64,ICICI,SUCCESS,
409,MID100017,2024-08-26 08:50:59,711.55,AXIS,SUCCESS,
410,MID100017,2024-08-24 19:52:20,742.4,AXIS,SUCCESS,
411,MID100017,2024-08-10 12:14:26,759.19,AXIS,SUCCESS,
412,MID100017,2024-08-04 17:06:01,218.97,AXIS,SUCCESS,
413,MID100017,2024-08-29 18:38:55,235.92,AXIS,SUCCESS,
414,MID100017,2024-08-08 19:08:53,780.12,AXIS,SUCCESS,
415,MID100017,2024-08-31 07:49:35,879.43,PNB,SUCCESS,
416,MID100017,2024-08-27 16:39:39,268.78,PNB,SUCCESS,
417,MID100017,2024-08-12 16:20:21,1997.04,PNB,SUCCESS,
418,MID100017,2024-08-01 19:46:02,1094.86,PNB,FAILED,INCORRECT_PIN
419,MID100017,2024-08-12 09:19:36,501.39,PNB,SUCCESS,
420,MID100017,2024-08-24 14:00:10,148.03,BOB,SUCCESS,
421,MID100017,2024-08-03 19:34:20,355.27,BOB,SUCCESS,
422,MID100017,2024-08-20 13:38:32,373.87,YES,SUCCESS,
423,MID100017,2024-08-25 18:33:32,497.42,IDFC,SUCCESS,
424,MID100017,2024-08-24 11:03:17,957.51,IDFC,SUCCESS,
425,MID100017,2024-08-18 12:02:21,228.23,IDFC,SUCCESS,
426,MID100017,2024-08-26 16:23:43,367.76,AU_SFB,SUCCESS,
427,MID100017,2024-08-29 12:32:28,175.8,PAYTM_PB,SUCCESS,
428,MID100017,2024-08-04 14:46:30,118.1,PAYTM_PB,SUCCESS,
429,MID100017,2024-08-11 08:58:00,1753.18,PAYTM_PB,FAILED,TIMEOUT
430,MID100017,2024-08-11 10:55:32,176.41,PAYTM_PB,SUCCESS,
431,MID100017,2024-08-16 11:26:41,273.18,PAYTM_PB,SUCCESS,
432,MID100017,2024-08-05 11:21:58,168.76,PAYTM_PB,SUCCESS,
433,MID100017,2024-08-22 18:45:47,129.15,PAYTM_PB,SUCCESS,
434,MID100017,2024-08-29 16:52:11,278.07,PAYTM_PB,SUCCESS,
435,MID100017,2024-08-07 13:06:04,747.04,PAYTM_PB,SUCCESS,
436,MID100018,2024-08-20 21:59:50,247.2,HDFC,SUCCESS,
437,MID100018,2024-08-26 15:13:42,123.85,AXIS,SUCCESS,
438,MID100018,2024-08-03 14:36:40,399.07,KOTAK,SUCCESS,
439,MID100018,2024-08-03 14:25:04,143.34,KOTAK,SUCCESS,
440,MID100018,2024-08-13 17:19:23,559.12,PNB,SUCCESS,
441,MID100018,2024-08-25 13:40:37,172.04,PNB,SUCCESS,
442,MID100018,2024-08-08 17:25:19,384.41,PNB,SUCCESS,
443,MID100018,2024-08-23 03:06:49,196.45,UNION,SUCCESS,
444,MID100018,2024-08-16 19:52:04,212.54,UNION,FAILED,TIMEOUT
445,MID100018,2024-08-17 17:32:18,569.86,YES,SUCCESS,
446,MID100018,2024-08-04 10:49:32,104.0,YES,SUCCESS,
447,MID100018,2024-08-27 13:07:17,694.46,AU_SFB,SUCCESS,
448,MID100018,2024-08-09 14:23:11,379.53,PAYTM_PB,SUCCESS,
449,MID100018,2024-08-04 10:39:19,629.78,PAYTM_PB,FAILED,TIMEOUT
450,MID100018,2024-08-22 18:26:55,675.75,RRB_GRAMIN,SUCCESS,
451,MID100019,2024-08-31 10:38:08,221.46,HDFC,SUCCESS,
452,MID100019,2024-08-19 15:46:54,95.35,HDFC,SUCCESS,
453,MID100019,2024-08-04 16:39:53,51.3,HDFC,SUCCESS,
454,MID100019,2024-08-05 11:27:57,47.56,HDFC,SUCCESS,
455,MID100019,2024-08-10 06:52:43,484.92,HDFC,SUCCESS,
456,MID100019,2024-08-04 12:48:49,181.75,HDFC,FAILED,INSUFFICIENT_FUNDS
457,MID100019,2024-08-19 17:18:09,45.87,HDFC,SUCCESS,
458,MID100019,2024-08-22 13:18:54,17.33,HDFC,SUCCESS,
459,MID100019,2024-08-11 18:46:06,118.41,HDFC,SUCCESS,
460,MID100019,2024-08-18 13:09:31,100.67,HDFC,SUCCESS,
461,MID100019,2024-08-29 19:54:50,150.6,HDFC,SUCCESS,
462,MID100019,2024-08-22 20:17:19,51.91,HDFC,SUCCESS,
463,MID100019,2024-08-20 12:42:31,31.96,HDFC,SUCCESS,
464,MID100019,2024-08-07 18:24:40,125.94,HDFC,SUCCESS,
465,MID100019,2024-08-05 19:51:42,111.77,HDFC,SUCCESS,
466,MID100019,2024-08-05 15:27:08,39.17,HDFC,SUCCESS,
467,MID100019,2024-08-12 08:55:35,48.81,HDFC,SUCCESS,
468,MID100019,2024-08-16 12:23:47,56.76,HDFC,SUCCESS,
469,MID100019,2024-08-12 21:26:16,106.79,HDFC,SUCCESS,
470,MID100019,2024-08-24 15:28:34,252.94,HDFC,SUCCESS,
471,MID100019,2024-08-22 19:37:12,90.09,HDFC,SUCCESS,
472,MID100019,2024-08-21 13:29:11,100.83,HDFC,SUCCESS,
473,MID100019,2024-08-20 17:57:42,49.56,HDFC,SUCCESS,
474,MID100019,2024-08-01 13:50:45,39.02,HDFC,SUCCESS,
475,MID100019,2024-08-02 15:28:33,279.27,HDFC,SUCCESS,
476,MID100019,2024-08-03 18:33:28,158.44,HDFC,SUCCESS,
477,MID100019,2024-08-20 10:35:54,296.26,SBI,SUCCESS,
478,MID100019,2024-08-16 12:04:20,111.18,SBI,SUCCESS,
479,MID100019,2024-08-13 11:52:00,127.0,SBI,SUCCESS,
480,MID100019,2024-08-15 15:27:19,229.36,SBI,SUCCESS,
481,MID100019,2024-08-13 07:12:43,222.67,SBI,SUCCESS,
482,MID100019,2024-08-17 12:58:15,49.65,SBI,SUCCESS,
483,MID100019,2024-08-24 21:08:49,92.15,SBI,SUCCESS,
484,MID100019,2024-08-12 18:39:19,96.48,SBI,SUCCESS,
485,MID100019,2024-08-23 17:07:35,274.37,SBI,SUCCESS,
486,MID100019,2024-08-29 11:59:52,385.05,SBI,SUCCESS,
487,MID100019,2024-08-19 18:51:26,223.42,SBI,SUCCESS,
488,MID100019,2024-08-07 15:50:35,37.75,SBI,SUCCESS,
489,MID100019,2024-08-21 15:48:57,86.94,SBI,SUCCESS,
490,MID100019,2024-08-22 12:56:49,57.15,SBI,SUCCESS,
491,MID100019,2024-08-02 09:40:22,70.81,SBI,SUCCESS,
492,MID100019,2024-08-25 17:38:01,178.54,SBI,SUCCESS,
493,MID100019,2024-08-28 08:50:51,28.26,SBI,SUCCESS,
494,MID100019,2024-08-28 22:41:09,67.51,SBI,SUCCESS,
495,MID100019,2024-08-10 18:59:34,117.02,SBI,SUCCESS,
496,MID100019,2024-08-16 22:32:20,159.02,SBI,SUCCESS,
497,MID100019,2024-08-15 17:35:10,94.28,SBI,SUCCESS,
498,MID100019,2024-08-26 19:47:51,511.25,SBI,SUCCESS,
499,MID100019,2024-08-15 09:30:23,145.44,SBI,SUCCESS,
500,MID100019,2024-08-07 09:13:01,223.52,SBI,SUCCESS,
501,MID100019,2024-08-03 06:29:45,58.75,SBI,SUCCESS,
502,MID100019,2024-08-12 15:17:00,87.07,SBI,SUCCESS,
503,MID100019,2024-08-17 14:55:27,63.53,SBI,SUCCESS,
504,MID100019,2024-08-17 16:11:55,173.06,SBI,SUCCESS,
505,MID100019,2024-08-04 15:45:06,176.96,SBI,SUCCESS,
506,MID100019,2024-08-13 19:05:25,194.38,SBI,SUCCESS,
507,MID100019,2024-08-03 20:20:03,110.49,SBI,SUCCESS,
508,MID100019,2024-08-01 09:33:54,91.8,SBI,SUCCESS,
509,MID100019,2024-08-09 15:25:50,190.49,SBI,FAILED,INSUFFICIENT_FUNDS
510,MID100019,2024-08-10 19:46:21,125.23,SBI,SUCCESS,
511,MID100019,2024-08-19 14:03:59,86.53,SBI,SUCCESS,
512,MID100019,2024-08-08 20:43:28,20.72,SBI,SUCCESS,
513,MID100019,2024-08-19 12:17:29,142.93,SBI,SUCCESS,
514,MID100019,2024-08-23 13:27:00,17.0,SBI,SUCCESS,
515,MID100019,2024-08-17 18:53:26,83.97,SBI,SUCCESS,
516,MID100019,2024-08-26 00:09:39,203.01,SBI,SUCCESS,
517,MID100019,2024-08-01 21:20:36,34.77,SBI,SUCCESS,
518,MID100019,2024-08-14 12:07:26,83.25,SBI,SUCCESS,
519,MID100019,2024-08-27 20:48:10,47.31,SBI,SUCCESS,
520,MID100019,2024-08-10 18:41:37,30.21,SBI,SUCCESS,
521,MID100019,2024-08-23 10:03:24,66.36,SBI,SUCCESS,
522,MID100019,2024-08-13 18:16:14,115.54,SBI,FAILED,INSUFFICIENT_FUNDS
523,MID100019,2024-08-18 08:08:26,191.08,SBI,SUCCESS,
524,MID100019,2024-08-08 19:00:18,27.12,SBI,SUCCESS,
525,MID100019,2024-08-08 17:56:16,113.56,SBI,SUCCESS,
526,MID100019,2024-08-15 11:41:38,425.63,SBI,SUCCESS,
527,MID100019,2024-08-11 08:06:08,193.52,SBI,FAILED,USER_CANCELLED
528,MID100019,2024-08-25 16:01:19,131.7,SBI,SUCCESS,
529,MID100019,2024-08-21 10:04:52,243.66,SBI,SUCCESS,
530,MID100019,2024-08-28 18:52:53,265.95,SBI,SUCCESS,
531,MID100019,2024-08-11 19:32:54,111.28,SBI,SUCCESS,
532,MID100019,2024-08-30 18:24:37,119.89,SBI,SUCCESS,
533,MID100019,2024-08-12 17:39:54,33.1,SBI,SUCCESS,
534,MID100019,2024-08-15 07:12:35,43.91,SBI,SUCCESS,
535,MID100019,2024-08-31 13:36:41,162.77,SBI,SUCCESS,
536,MID100019,2024-08-06 17:01:20,85.99,SBI,SUCCESS,
537,MID100019,2024-08-16 12:15:22,158.31,SBI,SUCCESS,
538,MID100019,2024-08-25 15:31:34,72.27,SBI,SUCCESS,
539,MID100019,2024-08-05 15:03:24,36.69,SBI,SUCCESS,
540,MID100019,2024-08-24 11:20:18,59.73,SBI,SUCCESS,
541,MID100019,2024-08-07 19:37:32,263.64,SBI,SUCCESS,
542,MID100019,2024-08-27 16:24:53,320.27,SBI,SUCCESS,
543,MID100019,2024-08-29 11:40:21,100.06,SBI,SUCCESS,
544,MID100019,2024-08-08 20:59:59,157.64,SBI,SUCCESS,
545,MID100019,2024-08-06 07:13:53,179.57,SBI,SUCCESS,
546,MID100019,2024-08-30 20:38:54,49.84,SBI,SUCCESS,
547,MID100019,2024-08-07 18:32:24,62.21,SBI,SUCCESS,
548,MID100019,2024-08-09 20:49:47,79.56,SBI,SUCCESS,
549,MID100019,2024-08-06 07:23:46,26.83,SBI,SUCCESS,
550,MID100019,2024-08-17 15:03:00,98.0,SBI,SUCCESS,
551,MID100019,2024-08-27 08:01:57,82.69,SBI,SUCCESS,
552,MID100019,2024-08-06 21:42:30,49.18,ICICI,SUCCESS,
553,MID100019,2024-08-31 19:13:37,39.86,ICICI,SUCCESS,
554,MID100019,2024-08-20 10:55:50,22.72,ICICI,SUCCESS,
555,MID100019,2024-08-03 16:11:33,108.3,ICICI,SUCCESS,
556,MID100019,2024-08-05 10:15:41,235.68,ICICI,SUCCESS,
557,MID100019,2024-08-24 17:58:36,30.25,ICICI,SUCCESS,
558,MID100019,2024-08-17 19:42:19,314.55,ICICI,SUCCESS,
559,MID100019,2024-08-23 19:43:52,82.29,ICICI,SUCCESS,
560,MID100019,2024-08-22 13:23:01,113.62,ICICI,SUCCESS,
561,MID100019,2024-08-01 14:34:57,31.92,ICICI,SUCCESS,
562,MID100019,2024-08-11 21:56:09,364.42,ICICI,SUCCESS,
563,MID100019,2024-08-03 18:06:25,109.2,ICICI,SUCCESS,
564,MID100019,2024-08-29 21:10:41,225.23,ICICI,SUCCESS,
565,MID100019,2024-08-01 11:12:07,100.22,ICICI,SUCCESS,
566,MID100019,2024-08-07 11:25:07,104.34,ICICI,SUCCESS,
567,MID100019,2024-08-16 20:05:06,338.14,ICICI,SUCCESS,
568,MID100019,2024-08-01 14:44:32,116.85,ICICI,SUCCESS,
569,MID100019,2024-08-03 13:27:51,14.48,ICICI,SUCCESS,
570,MID100019,2024-08-12 21:59:01,101.91,ICICI,SUCCESS,
571,MID100019,2024-08-28 15:54:22,58.38,ICICI,SUCCESS,
572,MID100019,2024-08-31 19:28:01,72.84,ICICI,SUCCESS,
573,MID100019,2024-08-08 13:17:18,282.6,ICICI,SUCCESS,
574,MID100019,2024-08-16 10:39:33,107.49,ICICI,SUCCESS,
575,MID100019,2024-08-02 10:32:11,30.77,ICICI,SUCCESS,
576,MID100019,2024-08-31 18:47:33,175.29,ICICI,SUCCESS,
577,MID100019,2024-08-02 07:54:25,30.79,ICICI,SUCCESS,
578,MID100019,2024-08-28 18:20:12,45.16,ICICI,SUCCESS,
579,MID100019,2024-08-10 19:23:47,52.85,ICICI,SUCCESS,
580,MID100019,2024-08-14 07:49:44,18.04,ICICI,SUCCESS,
581,MID100019,2024-08-17 19:20:31,27.9,ICICI,SUCCESS,
582,MID100019,2024-08-12 20:39:20,272.29,ICICI,SUCCESS,
583,MID100019,2024-08-11 09:24:14,166.31,ICICI,SUCCESS,
584,MID100019,2024-08-27 05:07:48,362.24,ICICI,SUCCESS,
585,MID100019,2024-08-05 10:09:03,85.36,ICICI,SUCCESS,
586,MID100019,2024-08-27 09:49:02,268.36,ICICI,SUCCESS,
587,MID100019,2024-08-09 10:32:52,101.69,ICICI,SUCCESS,
588,MID100019,2024-08-22 14:09:52,182.82,AXIS,SUCCESS,
589,MID100019,2024-08-04 08:48:52,45.01,AXIS,SUCCESS,
590,MID100019,2024-08-10 20:08:02,167.34,AXIS,FAILED,INCORRECT_PIN
591,MID100019,2024-08-13 14:42:25,61.04,AXIS,SUCCESS,
592,MID100019,2024-08-27 17:49:18,85.6,KOTAK,SUCCESS,
593,MID100019,2024-08-04 06:37:37,70.41,KOTAK,SUCCESS,
594,MID100019,2024-08-18 11:41:30,9.11,KOTAK,SUCCESS,
595,MID100019,2024-08-05 07:58:28,142.6,KOTAK,SUCCESS,
596,MID100019,2024-08-27 16:03:08,101.0,KOTAK,SUCCESS,
597,MID100019,2024-08-04 16:35:56,105.02,KOTAK,SUCCESS,
598,MID100019,2024-08-23 13:10:49,93.94,KOTAK,SUCCESS,
599,MID100019,2024-08-29 21:26:09,57.79,KOTAK,SUCCESS,
600,MID100019,2024-08-22 07:10:50,275.96,KOTAK,SUCCESS,
601,MID100019,2024-08-28 18:12:27,216.68,KOTAK,SUCCESS,
602,MID100019,2024-08-20 21:34:58,73.11,KOTAK,SUCCESS,
603,MID100019,2024-08-20 15:58:12,178.94,KOTAK,SUCCESS,
604,MID100019,2024-08-02 19:34:06,60.14,KOTAK,SUCCESS,
605,MID100019,2024-08-14 07:15:44,220.58,KOTAK,SUCCESS,
606,MID100019,2024-08-13 18:37:50,80.17,KOTAK,SUCCESS,
607,MID100019,2024-08-17 22:12:58,41.49,KOTAK,SUCCESS,
608,MID100019,2024-08-10 21:45:53,41.61,KOTAK,SUCCESS,
609,MID100019,2024-08-06 20:47:25,80.74,KOTAK,SUCCESS,
610,MID100019,2024-08-26 18:40:44,54.01,KOTAK,SUCCESS,
611,MID100019,2024-08-08 03:08:04,169.8,KOTAK,SUCCESS,
612,MID100019,2024-08-07 12:26:54,208.49,KOTAK,SUCCESS,
613,MID100019,2024-08-05 17:27:45,213.4,KOTAK,SUCCESS,
614,MID100019,2024-08-30 14:46:36,351.26,KOTAK,SUCCESS,
615,MID100019,2024-08-11 18:09:14,75.44,KOTAK,SUCCESS,
616,MID100019,2024-08-30 21:29:35,294.49,KOTAK,SUCCESS,
617,MID100019,2024-08-29 11:16:01,86.18,KOTAK,SUCCESS,
618,MID100019,2024-08-16 10:14:07,78.39,KOTAK,SUCCESS,
619,MID100019,2024-08-27 11:36:07,129.14,KOTAK,SUCCESS,
620,MID100019,2024-08-20 10:54:40,144.77,KOTAK,SUCCESS,
621,MID100019,2024-08-19 15:48:19,36.89,KOTAK,SUCCESS,
622,MID100019,2024-08-19 09:28:53,129.2,KOTAK,SUCCESS,
623,MID100019,2024-08-10 10:34:43,91.33,KOTAK,SUCCESS,
624,MID100019,2024-08-20 02:30:19,132.88,KOTAK,FAILED,INCORRECT_PIN
625,MID100019,2024-08-30 17:25:09,55.08,KOTAK,SUCCESS,
626,MID100019,2024-08-27 08:36:30,60.63,PNB,SUCCESS,
627,MID100019,2024-08-12 07:57:40,75.23,PNB,SUCCESS,
628,MID100019,2024-08-10 16:47:14,92.14,PNB,SUCCESS,
629,MID100019,2024-08-22 15:33:43,203.88,PNB,SUCCESS,
630,MID100019,2024-08-30 12:41:33,249.19,PNB,SUCCESS,
631,MID100019,2024-08-01 11:11:50,53.07,PNB,SUCCESS,
632,MID100019,2024-08-13 15:46:07,86.84,PNB,SUCCESS,
633,MID100019,2024-08-02 18:10:30,27.78,PNB,SUCCESS,
634,MID100019,2024-08-26 17:37:42,82.43,PNB,SUCCESS,
635,MID100019,2024-08-03 20:13:08,242.23,PNB,SUCCESS,
636,MID100019,2024-08-11 17:09:10,93.17,PNB,SUCCESS,
637,MID100019,2024-08-04 17:04:18,127.66,PNB,SUCCESS,
638,MID100019,2024-08-15 12:18:27,202.0,PNB,SUCCESS,
639,MID100019,2024-08-27 18:24:20,57.88,PNB,SUCCESS,
640,MID100019,2024-08-11 15:13:24,42.22,PNB,SUCCESS,
641,MID100019,2024-08-26 18:43:59,35.65,PNB,SUCCESS,
642,MID100019,2024-08-31 19:49:30,95.38,PNB,SUCCESS,
643,MID100019,2024-08-08 16:18:29,178.21,BOB,SUCCESS,
644,MID100019,2024-08-26 15:27:36,61.92,BOB,SUCCESS,
645,MID100019,2024-08-04 19:19:12,46.58,BOB,SUCCESS,
646,MID100019,2024-08-27 13:49:46,43.64,BOB,SUCCESS,
647,MID100019,2024-08-19 14:16:47,176.55,BOB,SUCCESS,
648,MID100019,2024-08-04 13:29:04,128.3,BOB,SUCCESS,
649,MID100019,2024-08-28 12:46:27,34.13,CANARA,SUCCESS,
650,MID100019,2024-08-08 10:06:20,164.08,UNION,SUCCESS,
651,MID100019,2024-08-12 12:52:31,80.83,UNION,SUCCESS,
652,MID100019,2024-08-10 09:16:22,110.18,UNION,SUCCESS,
653,MID100019,2024-08-11 10:12:15,262.61,UNION,SUCCESS,
654,MID100019,2024-08-04 12:25:47,114.78,UNION,SUCCESS,
655,MID100019,2024-08-30 17:11:56,54.18,UNION,SUCCESS,
656,MID100019,2024-08-24 18:43:06,133.03,UNION,SUCCESS,
657,MID100019,2024-08-18 21:18:09,28.11,UNION,SUCCESS,
658,MID100019,2024-08-12 11:56:32,150.25,UNION,SUCCESS,
659,MID100019,2024-08-26 18:09:15,83.26,UNION,SUCCESS,
660,MID100019,2024-08-26 19:14:26,59.64,UNION,FAILED,TIMEOUT
661,MID100019,2024-08-30 08:57:20,119.45,UNION,SUCCESS,
662,MID100019,2024-08-29 01:52:43,494.32,UNION,SUCCESS,
663,MID100019,2024-08-27 22:07:24,159.07,UNION,FAILED,LIMIT_EXCEEDED
664,MID100019,2024-08-17 18:16:13,140.52,UNION,SUCCESS,
665,MID100019,2024-08-19 15:55:04,74.76,UNION,SUCCESS,
666,MID100019,2024-08-06 09:58:25,54.52,UNION,SUCCESS,
667,MID100019,2024-08-28 11:07:46,46.32,UNION,SUCCESS,
668,MID100019,2024-08-04 08:32:21,162.99,UNION,SUCCESS,
669,MID100019,2024-08-17 17:12:13,98.9,YES,SUCCESS,
670,MID100019,2024-08-04 09:28:03,164.14,YES,SUCCESS,
671,MID100019,2024-08-09 11:08:22,143.03,YES,SUCCESS,
672,MID100019,2024-08-03 20:42:00,75.18,YES,SUCCESS,
673,MID100019,2024-08-11 20:09:03,69.95,YES,SUCCESS,
674,MID100019,2024-08-13 08:57:08,81.51,YES,SUCCESS,
675,MID100019,2024-08-20 19:23:53,134.28,AU_SFB,SUCCESS,
676,MID100019,2024-08-01 07:32:42,159.51,AU_SFB,SUCCESS,
677,MID100019,2024-08-11 16:05:56,110.67,AU_SFB,SUCCESS,
678,MID100019,2024-08-23 17:30:04,116.38,AU_SFB,SUCCESS,
679,MID100019,2024-08-16 15:39:48,76.17,AU_SFB,SUCCESS,
680,MID100019,2024-08-03 17:22:47,83.25,AU_SFB,SUCCESS,
681,MID100019,2024-08-19 17:53:48,51.56,AU_SFB,SUCCESS,
682,MID100019,2024-08-10 17:47:24,364.88,AU_SFB,FAILED,INSUFFICIENT_FUNDS
683,MID100019,2024-08-28 18:25:25,85.1,AU_SFB,SUCCESS,
684,MID100019,2024-08-31 16:27:30,303.96,AU_SFB,SUCCESS,
685,MID100019,2024-08-10 09:23:55,68.78,AU_SFB,SUCCESS,
686,MID100019,2024-08-20 08:49:01,81.0,AU_SFB,SUCCESS,
687,MID100019,2024-08-03 17:53:07,194.26,AU_SFB,SUCCESS,
688,MID100019,2024-08-30 09:44:34,99.24,AU_SFB,SUCCESS,
689,MID100019,2024-08-28 11:25:10,84.54,AU_SFB,SUCCESS,
690,MID100019,2024-08-30 11:33:48,425.4,AU_SFB,FAILED,INSUFFICIENT_FUNDS
691,MID100019,2024-08-18 18:13:24,151.18,AU_SFB,SUCCESS,
692,MID100019,2024-08-25 18:53:25,36.19,AU_SFB,SUCCESS,
693,MID100019,2024-08-06 10:55:03,146.69,AU_SFB,SUCCESS,
694,MID100019,2024-08-14 21:01:17,100.32,AU_SFB,SUCCESS,
695,MID100019,2024-08-19 11:54:36,144.07,AU_SFB,SUCCESS,
696,MID100019,2024-08-30 06:17:49,182.72,AU_SFB,SUCCESS,
697,MID100019,2024-08-04 20:51:22,116.3,AU_SFB,SUCCESS,
698,MID100019,2024-08-19 20:12:42,35.33,AU_SFB,SUCCESS,
699,MID100019,2024-08-26 20:22:45,34.29,RRB_GRAMIN,SUCCESS,
700,MID100019,2024-08-25 19:13:57,527.31,RRB_GRAMIN,SUCCESS,
701,MID100019,2024-08-28 09:33:17,60.02,RRB_GRAMIN,SUCCESS,
702,MID100019,2024-08-19 10:11:43,191.89,RRB_GRAMIN,SUCCESS,
703,MID100019,2024-08-18 17:48:23,122.75,RRB_GRAMIN,SUCCESS,
704,MID100019,2024-08-13 18:21:53,358.45,RRB_GRAMIN,FAILED,USER_CANCELLED
705,MID100019,2024-08-10 18:46:54,148.81,RRB_GRAMIN,SUCCESS,
706,MID100019,2024-08-19 22:08:41,52.89,RRB_GRAMIN,SUCCESS,
707,MID100019,2024-08-25 20:17:06,168.72,RRB_GRAMIN,SUCCESS,
708,MID100019,2024-08-01 18:24:59,72.37,RRB_GRAMIN,SUCCESS,
709,MID100019,2024-08-10 14:30:51,353.97,RRB_GRAMIN,SUCCESS,
710,MID100019,2024-08-20 09:22:44,95.47,RRB_GRAMIN,SUCCESS,
711,MID100019,2024-08-29 11:34:46,66.63,RRB_GRAMIN,SUCCESS,
712,MID100019,2024-08-29 08:02:06,105.08,RRB_GRAMIN,SUCCESS,
713,MID100019,2024-08-15 08:31:39,120.04,RRB_GRAMIN,SUCCESS,
714,MID100019,2024-08-24 14:16:36,109.92,RRB_GRAMIN,SUCCESS,
715,MID100019,2024-08-13 08:42:25,75.59,RRB_GRAMIN,SUCCESS,
716,MID100019,2024-08-01 19:03:41,32.27,RRB_GRAMIN,SUCCESS,
717,MID100019,2024-08-14 16:55:09,45.15,RRB_GRAMIN,SUCCESS,
718,MID100019,2024-08-09 05:24:53,56.28,RRB_GRAMIN,SUCCESS,
719,MID100019,2024-08-04 13:03:38,847.69,RRB_GRAMIN,SUCCESS,
720,MID100019,2024-08-11 09:23:29,65.54,RRB_GRAMIN,SUCCESS,
721,MID100019,2024-08-02 11:40:20,48.39,RRB_GRAMIN,SUCCESS,
722,MID100019,2024-08-12 13:35:22,111.6,RRB_GRAMIN,SUCCESS,
723,MID100019,2024-08-08 11:45:07,53.59,RRB_GRAMIN,SUCCESS,
724,MID100019,2024-08-23 16:23:23,26.65,RRB_GRAMIN,SUCCESS,
725,MID100019,2024-08-20 12:18:38,551.45,RRB_GRAMIN,SUCCESS,
726,MID100019,2024-08-29 20:23:44,94.07,RRB_GRAMIN,SUCCESS,
727,MID100019,2024-08-31 18:35:39,12.75,RRB_GRAMIN,SUCCESS,
728,MID100019,2024-08-10 19:52:04,83.5,RRB_GRAMIN,SUCCESS,
729,MID100019,2024-08-30 18:47:50,62.98,RRB_GRAMIN,SUCCESS,
730,MID100019,2024-08-23 06:23:38,166.58,RRB_GRAMIN,FAILED,INSUFFICIENT_FUNDS
731,MID100019,2024-08-28 00:51:57,88.93,RRB_GRAMIN,FAILED,LIMIT_EXCEEDED
732,MID100019,2024-08-07 07:33:43,405.64,RRB_GRAMIN,SUCCESS,
733,MID100019,2024-08-14 17:39:15,79.55,RRB_GRAMIN,SUCCESS,
734,MID100019,2024-08-16 21:48:41,160.4,RRB_GRAMIN,SUCCESS,
735,MID100019,2024-08-06 15:11:09,211.94,RRB_GRAMIN,SUCCESS,
736,MID100019,2024-08-03 03:04:13,59.43,RRB_GRAMIN,SUCCESS,
737,MID100021,2024-08-07 10:21:59,149.93,HDFC,SUCCESS,
738,MID100021,2024-08-12 18:32:20,31.22,HDFC,SUCCESS,
739,MID100021,2024-08-28 17:49:43,62.22,HDFC,SUCCESS,
740,MID100021,2024-08-12 18:44:35,372.49,HDFC,SUCCESS,
741,MID100021,2024-08-11 20:25:23,41.6,HDFC,SUCCESS,
742,MID100021,2024-08-26 10:43:11,351.49,HDFC,SUCCESS,
743,MID100021,2024-08-21 02:16:32,40.58,HDFC,SUCCESS,
744,MID100021,2024-08-06 12:52:16,51.86,SBI,SUCCESS,
745,MID100021,2024-08-25 07:59:04,276.08,SBI,SUCCESS,
746,MID100021,2024-08-12 20:26:40,176.47,ICICI,SUCCESS,
747,MID100021,2024-08-27 13:15:08,379.81,KOTAK,SUCCESS,
748,MID100021,2024-08-09 13:21:09,24.33,PNB,SUCCESS,
749,MID100021,2024-08-11 06:26:11,499.51,PNB,SUCCESS,
750,MID100021,2024-08-07 17:46:19,86.55,BOB,SUCCESS,
751,MID100021,2024-08-11 10:10:04,36.16,BOB,SUCCESS,
752,MID100021,2024-08-31 20:57:52,319.38,BOB,SUCCESS,
753,MID100021,2024-08-21 16:17:32,29.56,BOB,SUCCESS,
754,MID100021,2024-08-10 13:04:01,167.53,BOB,SUCCESS,
755,MID100021,2024-08-18 13:34:48,246.37,CANARA,SUCCESS,
756,MID100021,2024-08-18 19:43:28,478.0,YES,SUCCESS,
757,MID100021,2024-08-16 18:24:12,26.21,YES,FAILED,INSUFFICIENT_FUNDS
758,MID100021,2024-08-31 18:08:51,110.78,YES,SUCCESS,
759,MID100021,2024-08-12 12:07:01,396.26,IDFC,SUCCESS,
760,MID100021,2024-08-04 12:55:25,40.27,IDFC,SUCCESS,
761,MID100022,2024-08-04 19:39:09,335.21,HDFC,SUCCESS,
762,MID100022,2024-08-31 10:34:38,384.73,HDFC,SUCCESS,
763,MID100022,2024-08-23 21:55:36,596.42,HDFC,SUCCESS,
764,MID100022,2024-08-10 19:35:02,564.86,HDFC,SUCCESS,
765,MID100022,2024-08-23 12:43:02,582.37,HDFC,SUCCESS,
766,MID100022,2024-08-18 19:49:17,201.95,HDFC,SUCCESS,
767,MID100022,2024-08-27 19:07:17,153.11,HDFC,SUCCESS,
768,MID100022,2024-08-30 19:17:29,319.06,SBI,SUCCESS,
769,MID100022,2024-08-19 07:28:19,109.34,ICICI,SUCCESS,
770,MID100022,2024-08-28 21:28:37,369.34,ICICI,SUCCESS,
771,MID100022,2024-08-02 11:33:16,694.02,AXIS,SUCCESS,
772,MID100022,2024-08-17 19:51:52,241.77,AXIS,SUCCESS,
773,MID100022,2024-08-10 07:44:23,267.3,AXIS,SUCCESS,
774,MID100022,2024-08-10 11:50:56,143.42,AXIS,SUCCESS,
775,MID100022,2024-08-10 13:58:10,541.31,AXIS,SUCCESS,
776,MID100022,2024-08-30 14:47:07,517.18,AXIS,FAILED,USER_CANCELLED
777,MID100022,2024-08-17 17:23:52,379.71,AXIS,SUCCESS,
778,MID100022,2024-08-19 09:01:00,152.83,AXIS,SUCCESS,
779,MID100022,2024-08-10 16:53:12,157.2,KOTAK,SUCCESS,
780,MID100022,2024-08-15 18:32:30,906.47,KOTAK,FAILED,INCORRECT_PIN
781,MID100022,2024-08-27 10:33:08,103.31,KOTAK,SUCCESS,
782,MID100022,2024-08-26 18:24:06,343.65,PNB,SUCCESS,
783,MID100022,2024-08-24 21:01:32,168.94,BOB,SUCCESS,
784,MID100022,2024-08-31 18:10:25,253.55,BOB,SUCCESS,
785,MID100025,2024-08-22 10:07:41,639.81,ICICI,SUCCESS,
786,MID100026,2024-08-31 08:26:52,382.38,SBI,SUCCESS,
787,MID100026,2024-08-09 11:43:35,216.82,SBI,SUCCESS,
788,MID100026,2024-08-12 20:26:18,403.32,SBI,SUCCESS,
789,MID100026,2024-08-31 18:15:20,780.91,SBI,SUCCESS,
790,MID100026,2024-08-27 12:43:44,162.62,SBI,SUCCESS,
791,MID100026,2024-08-23 11:39:27,827.38,AXIS,SUCCESS,
792,MID100026,2024-08-14 15:34:16,326.14,KOTAK,SUCCESS,
793,MID100026,2024-08-22 20:10:46,78.83,PNB,SUCCESS,
794,MID100026,2024-08-05 17:49:04,121.17,CANARA,SUCCESS,
795,MID100026,2024-08-10 20:13:31,362.76,CANARA,FAILED,INCORRECT_PIN
796,MID100026,2024-08-14 15:42:07,105.45,RRB_GRAMIN,SUCCESS,
797,MID100026,2024-08-11 16:55:44,468.96,RRB_GRAMIN,SUCCESS,
798,MID100027,2024-08-19 05:41:14,827.65,BOB,SUCCESS,
799,MID100027,2024-08-29 12:12:48,149.04,BOB,SUCCESS,
800,MID100027,2024-08-13 20:52:41,288.91,BOB,SUCCESS,
801,MID100027,2024-08-10 13:16:03,290.02,RRB_GRAMIN,SUCCESS,
802,MID100028,2024-08-21 13:36:11,112.26,HDFC,SUCCESS,
803,MID100028,2024-08-01 15:31:18,191.45,HDFC,SUCCESS,
804,MID100028,2024-08-19 20:06:14,253.43,HDFC,SUCCESS,
805,MID100028,2024-08-11 22:56:28,29.19,HDFC,SUCCESS,
806,MID100028,2024-08-08 16:25:46,51.01,HDFC,SUCCESS,
807,MID100028,2024-08-30 15:05:50,65.28,HDFC,SUCCESS,
808,MID100028,2024-08-31 18:57:50,146.53,HDFC,SUCCESS,
809,MID100028,2024-08-22 20:41:22,70.03,HDFC,SUCCESS,
810,MID100028,2024-08-02 19:04:25,34.1,HDFC,SUCCESS,
811,MID100028,2024-08-01 12:40:47,41.96,HDFC,SUCCESS,
812,MID100028,2024-08-23 10:44:28,153.63,SBI,FAILED,INSUFFICIENT_FUNDS
813,MID100028,2024-08-21 20:22:05,383.85,SBI,SUCCESS,
814,MID100028,2024-08-21 09:15:47,47.12,SBI,SUCCESS,
815,MID100028,2024-08-28 15:17:32,48.83,SBI,SUCCESS,
816,MID100028,2024-08-16 10:45:49,259.83,SBI,SUCCESS,
817,MID100028,2024-08-16 16:39:13,42.47,ICICI,SUCCESS,
818,MID100028,2024-08-02 10:53:26,157.18,ICICI,SUCCESS,
819,MID100028,2024-08-15 20:00:52,75.0,ICICI,SUCCESS,
820,MID100028,2024-08-12 11:56:50,51.36,ICICI,SUCCESS,
821,MID100028,2024-08-21 07:11:39,163.79,AXIS,SUCCESS,
822,MID100028,2024-08-24 19:27:22,589.82,AXIS,SUCCESS,
823,MID100028,2024-08-28 08:40:35,186.69,AXIS,SUCCESS,
824,MID100028,2024-08-16 16:25:20,53.8,AXIS,SUCCESS,
825,MID100028,2024-08-22 08:35:53,244.3,AXIS,SUCCESS,
826,MID100028,2024-08-18 05:59:41,151.36,AXIS,SUCCESS,
827,MID100028,2024-08-31 14:50:58,84.36,AXIS,SUCCESS,
828,MID100028,2024-08-02 14:55:11,198.11,AXIS,FAILED,INSUFFICIENT_FUNDS
829,MID100028,2024-08-17 21:48:47,205.12,AXIS,SUCCESS,
830,MID100028,2024-08-17 18:44:54,102.18,AXIS,FAILED,INSUFFICIENT_FUNDS
831,MID100028,2024-08-04 16:24:37,46.16,AXIS,SUCCESS,
832,MID100028,2024-08-24 16:18:46,38.68,AXIS,SUCCESS,
833,MID100028,2024-08-24 13:28:11,37.97,AXIS,SUCCESS,
834,MID100028,2024-08-25 07:48:23,200.2,AXIS,SUCCESS,
835,MID100028,2024-08-06 18:41:41,173.91,AXIS,SUCCESS,
836,MID100028,2024-08-05 07:30:34,63.13,AXIS,SUCCESS,
837,MID100028,2024-08-04 16:24:16,1202.89,AXIS,SUCCESS,
838,MID100028,2024-08-29 17:22:22,54.58,AXIS,SUCCESS,
839,MID100028,2024-08-09 01:56:20,135.18,AXIS,SUCCESS,
840,MID100028,2024-08-04 12:55:08,157.44,KOTAK,SUCCESS,
841,MID100028,2024-08-31 15:01:12,61.28,KOTAK,SUCCESS,
842,MID100028,2024-08-31 12:01:40,132.06,KOTAK,SUCCESS,
843,MID100028,2024-08-08 18:56:43,40.46,KOTAK,SUCCESS,
844,MID100028,2024-08-15 13:57:14,121.54,PNB,SUCCESS,
845,MID100028,2024-08-06 17:18:22,79.18,PNB,SUCCESS,
846,MID100028,2024-08-27 17:13:15,143.07,PNB,SUCCESS,
847,MID100028,2024-08-21 20:35:31,296.83,PNB,SUCCESS,
848,MID100028,2024-08-01 16:45:44,86.9,PNB,SUCCESS,
849,MID100028,2024-08-08 09:00:42,50.89,BOB,SUCCESS,
850,MID100028,2024-08-11 17:54:12,51.31,UNION,SUCCESS,
851,MID100028,2024-08-11 19:11:09,135.42,IDFC,SUCCESS,
852,MID100028,2024-08-04 19:02:45,238.7,IDFC,SUCCESS,
853,MID100028,2024-08-23 21:26:08,151.95,PAYTM_PB,SUCCESS,
854,MID100028,2024-08-13 18:50:34,128.75,RRB_GRAMIN,SUCCESS,
855,MID100028,2024-08-25 10:21:50,287.31,RRB_GRAMIN,SUCCESS,
856,MID100028,2024-08-31 14:22:24,97.59,RRB_GRAMIN,SUCCESS,
857,MID100028,2024-08-29 17:03:08,251.15,RRB_GRAMIN,SUCCESS,
858,MID100028,2024-08-24 19:10:56,202.97,RRB_GRAMIN,SUCCESS,
859,MID100032,2024-08-08 17:32:26,32.51,HDFC,SUCCESS,
860,MID100032,2024-08-13 17:28:21,249.15,HDFC,SUCCESS,
861,MID100032,2024-08-14 10:35:51,44.39,HDFC,SUCCESS,
862,MID100032,2024-08-01 07:55:32,18.93,SBI,FAILED,TIMEOUT
863,MID100032,2024-08-20 20:00:52,86.77,ICICI,SUCCESS,
864,MID100032,2024-08-22 19:16:01,78.31,ICICI,SUCCESS,
865,MID100032,2024-08-29 07:53:52,59.03,AXIS,SUCCESS,
866,MID100032,2024-08-13 18:41:57,68.85,AXIS,FAILED,INSUFFICIENT_FUNDS
867,MID100032,2024-08-02 15:52:34,83.46,YES,SUCCESS,
868,MID100033,2024-08-24 13:23:30,315.33,HDFC,SUCCESS,
869,MID100033,2024-08-13 08:56:31,258.95,HDFC,SUCCESS,
870,MID100033,2024-08-13 00:34:25,175.93,HDFC,SUCCESS,
871,MID100033,2024-08-22 03:00:12,100.24,HDFC,SUCCESS,
872,MID100033,2024-08-10 18:09:35,130.62,HDFC,SUCCESS,
873,MID100033,2024-08-10 02:28:20,114.11,HDFC,SUCCESS,
874,MID100033,2024-08-28 19:39:38,154.42,HDFC,SUCCESS,
875,MID100033,2024-08-28 11:10:06,475.39,HDFC,SUCCESS,
876,MID100033,2024-08-29 18:13:59,527.26,HDFC,SUCCESS,
877,MID100033,2024-08-25 07:37:01,267.9,HDFC,SUCCESS,
878,MID100033,2024-08-24 21:17:29,293.05,SBI,SUCCESS,
879,MID100033,2024-08-22 12:52:25,627.19,ICICI,SUCCESS,
880,MID100033,2024-08-07 21:24:30,269.32,ICICI,SUCCESS,
881,MID100033,2024-08-29 19:01:02,207.32,AXIS,SUCCESS,
882,MID100033,2024-08-01 18:33:05,191.62,AXIS,SUCCESS,
883,MID100033,2024-08-21 05:47:32,343.55,AXIS,SUCCESS,
884,MID100033,2024-08-04 19:26:15,198.27,AXIS,SUCCESS,
885,MID100033,2024-08-03 16:51:49,97.04,AXIS,FAILED,INSUFFICIENT_FUNDS
886,MID100033,2024-08-08 17:49:53,76.48,AXIS,SUCCESS,
887,MID100033,2024-08-14 20:03:34,771.76,AXIS,SUCCESS,
888,MID100033,2024-08-01 20:20:15,243.34,AXIS,SUCCESS,
889,MID100033,2024-08-23 21:42:27,328.14,AXIS,FAILED,USER_CANCELLED
890,MID100033,2024-08-31 22:54:38,454.96,KOTAK,SUCCESS,
891,MID100033,2024-08-12 19:52:13,184.86,KOTAK,SUCCESS,
892,MID100033,2024-08-06 22:20:36,96.1,KOTAK,SUCCESS,
893,MID100033,2024-08-18 17:06:05,575.09,KOTAK,SUCCESS,
894,MID100033,2024-08-27 11:56:32,330.53,KOTAK,SUCCESS,
895,MID100033,2024-08-27 13:59:03,267.0,KOTAK,SUCCESS,
896,MID100033,2024-08-28 14:54:21,118.68,KOTAK,FAILED,INCORRECT_PIN
897,MID100033,2024-08-08 15:00:09,303.61,PNB,SUCCESS,
898,MID100033,2024-08-20 19:27:05,167.1,BOB,SUCCESS,
899,MID100033,2024-08-09 17:19:49,491.08,BOB,SUCCESS,
900,MID100033,2024-08-21 19:45:15,121.99,BOB,SUCCESS,
901,MID100033,2024-08-06 08:15:25,110.85,IDFC,SUCCESS,
902,MID100033,2024-08-14 18:15:31,333.86,PAYTM_PB,SUCCESS,
903,MID100033,2024-08-12 08:59:29,118.05,PAYTM_PB,SUCCESS,
904,MID100033,2024-08-30 13:31:13,356.46,PAYTM_PB,SUCCESS,
905,MID100033,2024-08-26 20:42:57,451.1,PAYTM_PB,SUCCESS,
906,MID100033,2024-08-10 15:50:27,683.6,PAYTM_PB,SUCCESS,
907,MID100033,2024-08-31 16:09:57,319.05,PAYTM_PB,SUCCESS,
908,MID100033,2024-08-15 20:11:05,203.24,PAYTM_PB,SUCCESS,
909,MID100033,2024-08-04 22:32:18,370.09,PAYTM_PB,SUCCESS,
910,MID100033,2024-08-13 18:53:48,188.04,PAYTM_PB,SUCCESS,
911,MID100034,2024-08-22 16:46:18,343.4,HDFC,SUCCESS,
912,MID100034,2024-08-23 14:46:10,87.08,HDFC,SUCCESS,
913,MID100034,2024-08-02 21:30:12,61.32,HDFC,SUCCESS,
914,MID100034,2024-08-08 17:07:35,186.42,HDFC,SUCCESS,
915,MID100034,2024-08-22 16:19:59,216.81,HDFC,SUCCESS,
916,MID100034,2024-08-18 06:12:28,147.6,HDFC,SUCCESS,
917,MID100034,2024-08-21 09:44:14,611.83,HDFC,SUCCESS,
918,MID100034,2024-08-22 12:41:15,84.42,HDFC,SUCCESS,
919,MID100034,2024-08-13 16:49:16,358.93,SBI,SUCCESS,
920,MID100034,2024-08-29 16:37:23,244.09,SBI,SUCCESS,
921,MID100034,2024-08-20 13:50:32,69.64,SBI,SUCCESS,
922,MID100034,2024-08-02 18:00:41,36.38,SBI,SUCCESS,
923,MID100034,2024-08-13 12:35:18,370.14,SBI,SUCCESS,
924,MID100034,2024-08-13 13:52:37,148.58,SBI,SUCCESS,
925,MID100034,2024-08-06 11:46:52,541.29,SBI,SUCCESS,
926,MID100034,2024-08-01 18:17:59,266.67,SBI,SUCCESS,
927,MID100034,2024-08-22 09:03:08,655.08,SBI,SUCCESS,
928,MID100034,2024-08-21 18:10:41,552.8,SBI,SUCCESS,
929,MID100034,2024-08-19 20:53:39,396.83,SBI,SUCCESS,
930,MID100034,2024-08-01 16:01:48,135.19,SBI,SUCCESS,
931,MID100034,2024-08-27 09:49:27,99.7,SBI,SUCCESS,
932,MID100034,2024-08-22 14:05:49,368.04,SBI,SUCCESS,
933,MID100034,2024-08-02 16:51:43,167.09,SBI,SUCCESS,
934,MID100034,2024-08-07 09:46:47,157.2,SBI,SUCCESS,
935,MID100034,2024-08-07 18:08:00,13.61,SBI,SUCCESS,
936,MID100034,2024-08-14 12:08:28,316.63,SBI,SUCCESS,
937,MID100034,2024-08-14 09:03:31,106.95,SBI,SUCCESS,
938,MID100034,2024-08-02 14:55:32,287.05,SBI,SUCCESS,
939,MID100034,2024-08-14 19:24:10,100.85,SBI,SUCCESS,
940,MID100034,2024-08-05 08:26:52,258.32,SBI,SUCCESS,
941,MID100034,2024-08-05 16:12:51,275.8,SBI,SUCCESS,
942,MID100034,2024-08-02 11:55:50,259.64,SBI,SUCCESS,
943,MID100034,2024-08-06 09:00:53,124.56,SBI,SUCCESS,
944,MID100034,2024-08-30 14:19:11,392.08,SBI,SUCCESS,
945,MID100034,2024-08-21 16:21:58,67.9,SBI,SUCCESS,
946,MID100034,2024-08-24 14:35:24,110.79,SBI,SUCCESS,
947,MID100034,2024-08-31 17:53:51,162.13,SBI,SUCCESS,
948,MID100034,2024-08-08 08:33:44,85.18,SBI,SUCCESS,
949,MID100034,2024-08-13 07:06:00,108.11,SBI,SUCCESS,
950,MID100034,2024-08-24 15:24:38,435.07,SBI,SUCCESS,
951,MID100034,2024-08-26 12:07:07,186.77,SBI,SUCCESS,
952,MID100034,2024-08-06 09:18:24,224.34,ICICI,SUCCESS,
953,MID100034,2024-08-18 06:47:27,351.35,ICICI,SUCCESS,
954,MID100034,2024-08-01 14:32:16,47.27,ICICI,SUCCESS,
955,MID100034,2024-08-18 20:56:39,119.09,ICICI,SUCCESS,
956,MID100034,2024-08-14 11:11:45,326.62,ICICI,SUCCESS,
957,MID100034,2024-08-24 11:53:13,149.4,ICICI,SUCCESS,
958,MID100034,2024-08-31 02:08:49,119.65,ICICI,SUCCESS,
959,MID100034,2024-08-13 19:26:23,62.31,ICICI,SUCCESS,
960,MID100034,2024-08-03 11:46:49,263.73,ICICI,SUCCESS,
961,MID100034,2024-08-09 17:38:50,403.37,ICICI,FAILED,TECHNICAL_DECLINE
962,MID100034,2024-08-24 17:24:21,289.9,ICICI,SUCCESS,
963,MID100034,2024-08-12 19:40:12,284.12,ICICI,SUCCESS,
964,MID100034,2024-08-22 10:30:44,308.55,ICICI,SUCCESS,
965,MID100034,2024-08-14 18:05:05,1458.8,AXIS,SUCCESS,
966,MID100034,2024-08-19 10:39:01,1624.06,AXIS,SUCCESS,
967,MID100034,2024-08-03 21:34:55,405.02,AXIS,SUCCESS,
968,MID100034,2024-08-23 10:56:13,16.98,AXIS,SUCCESS,
969,MID100034,2024-08-10 19:41:38,38.79,AXIS,SUCCESS,
970,MID100034,2024-08-01 11:46:08,297.78,AXIS,SUCCESS,
971,MID100034,2024-08-05 18:44:33,320.85,AXIS,SUCCESS,
972,MID100034,2024-08-01 20:18:53,44.26,AXIS,FAILED,INCORRECT_PIN
973,MID100034,2024-08-29 21:47:17,24.52,AXIS,SUCCESS,
974,MID100034,2024-08-19 23:36:29,361.87,AXIS,SUCCESS,
975,MID100034,2024-08-26 10:22:44,893.13,AXIS,SUCCESS,
976,MID100034,2024-08-23 16:16:01,140.8,AXIS,SUCCESS,
977,MID100034,2024-08-11 20:59:19,181.68,AXIS,SUCCESS,
978,MID100034,2024-08-27 14:55:19,113.27,AXIS,SUCCESS,
979,MID100034,2024-08-01 15:47:43,197.49,AXIS,SUCCESS,
980,MID100034,2024-08-11 19:08:29,77.08,AXIS,SUCCESS,
981,MID100034,2024-08-11 19:53:45,113.33,AXIS,SUCCESS,
982,MID100034,2024-08-30 10:13:35,64.88,AXIS,SUCCESS,
983,MID100034,2024-08-20 11:56:21,119.34,AXIS,SUCCESS,
984,MID100034,2024-08-16 18:08:16,274.67,AXIS,SUCCESS,
985,MID100034,2024-08-06 15:45:20,186.41,AXIS,SUCCESS,
986,MID100034,2024-08-31 03:30:27,61.6,AXIS,SUCCESS,
987,MID100034,2024-08-25 15:04:39,96.29,AXIS,SUCCESS,
988,MID100034,2024-08-22 13:41:26,157.44,AXIS,SUCCESS,
989,MID100034,2024-08-17 08:52:27,374.17,AXIS,SUCCESS,
990,MID100034,2024-08-26 21:14:16,35.62,AXIS,SUCCESS,
991,MID100034,2024-08-11 16:25:50,103.26,AXIS,SUCCESS,
992,MID100034,2024-08-21 18:50:47,183.55,AXIS,SUCCESS,
993,MID100034,2024-08-02 16:03:38,433.85,AXIS,SUCCESS,
994,MID100034,2024-08-31 07:37:24,204.86,AXIS,SUCCESS,
995,MID100034,2024-08-07 13:38:04,245.51,KOTAK,SUCCESS,
996,MID100034,2024-08-20 21:52:51,385.12,KOTAK,SUCCESS,
997,MID100034,2024-08-20 16:55:23,165.39,PNB,SUCCESS,
998,MID100034,2024-08-03 13:29:12,41.9,PNB,SUCCESS,
999,MID100034,2024-08-31 21:57:13,503.42,PNB,SUCCESS,
1000,MID100034,2024-08-30 10:07:10,87.13,PNB,SUCCESS,
1001,MID100034,2024-08-24 07:48:06,181.42,PNB,SUCCESS,
1002,MID100034,2024-08-05 10:18:19,173.17,PNB,SUCCESS,
1003,MID100034,2024-08-15 07:13:39,289.32,PNB,SUCCESS,
1004,MID100034,2024-08-22 01:50:41,265.32,PNB,SUCCESS,
1005,MID100034,2024-08-31 16:05:13,1085.45,PNB,SUCCESS,
1006,MID100034,2024-08-17 19:14:45,121.94,PNB,SUCCESS,
1007,MID100034,2024-08-21 16:31:27,518.93,PNB,SUCCESS,
1008,MID100034,2024-08-17 18:52:09,207.67,PNB,SUCCESS,
1009,MID100034,2024-08-10 15:30:36,223.21,PNB,FAILED,INSUFFICIENT_FUNDS
1010,MID100034,2024-08-08 07:01:05,61.24,PNB,SUCCESS,
1011,MID100034,2024-08-26 18:58:23,338.49,PNB,SUCCESS,
1012,MID100034,2024-08-11 20:57:06,123.01,PNB,SUCCESS,
1013,MID100034,2024-08-23 11:29:47,961.24,PNB,SUCCESS,
1014,MID100034,2024-08-02 15:07:46,380.46,PNB,SUCCESS,
1015,MID100034,2024-08-06 08:51:27,171.91,PNB,SUCCESS,
1016,MID100034,2024-08-28 15:31:13,202.21,PNB,SUCCESS,
1017,MID100034,2024-08-16 15:06:40,39.5,PNB,SUCCESS,
1018,MID100034,2024-08-23 19:17:51,697.89,PNB,SUCCESS,
1019,MID100034,2024-08-13 17:48:36,76.23,PNB,SUCCESS,
1020,MID100034,2024-08-04 11:45:47,546.45,PNB,SUCCESS,
1021,MID100034,2024-08-21 10:42:52,95.05,PNB,SUCCESS,
1022,MID100034,2024-08-14 12:49:12,621.61,PNB,SUCCESS,
1023,MID100034,2024-08-15 17:53:23,160.61,PNB,SUCCESS,
1024,MID100034,2024-08-14 17:24:17,638.65,PNB,SUCCESS,
1025,MID100034,2024-08-17 18:03:51,328.35,PNB,SUCCESS,
1026,MID100034,2024-08-30 16:02:29,452.09,PNB,SUCCESS,
1027,MID100034,2024-08-11 12:51:19,48.92,PNB,SUCCESS,
1028,MID100034,2024-08-08 17:56:08,375.17,PNB,SUCCESS,
1029,MID100034,2024-08-01 11:46:33,101.33,BOB,SUCCESS,
1030,MID100034,2024-08-27 18:56:02,201.75,BOB,SUCCESS,
1031,MID100034,2024-08-26 13:23:38,90.43,BOB,SUCCESS,
1032,MID100034,2024-08-01 09:19:46,413.44,BOB,SUCCESS,
1033,MID100034,2024-08-13 06:36:51,235.38,BOB,SUCCESS,
1034,MID100034,2024-08-31 10:36:10,160.61,BOB,SUCCESS,
1035,MID100034,2024-08-28 17:59:48,199.12,BOB,SUCCESS,
1036,MID100034,2024-08-17 12:54:01,96.33,BOB,SUCCESS,
1037,MID100034,2024-08-09 03:03:13,190.6,BOB,FAILED,INSUFFICIENT_FUNDS
1038,MID100034,2024-08-10 16:08:59,504.25,BOB,SUCCESS,
1039,MID100034,2024-08-24 19:52:54,120.59,BOB,SUCCESS,
1040,MID100034,2024-08-02 13:18:03,409.33,UNION,SUCCESS,
1041,MID100034,2024-08-08 20:33:56,245.62,UNION,SUCCESS,
1042,MID100034,2024-08-29 17:08:41,34.98,UNION,SUCCESS,
1043,MID100034,2024-08-26 19:37:30,302.9,UNION,SUCCESS,
1044,MID100034,2024-08-25 17:51:30,135.1,UNION,SUCCESS,
1045,MID100034,2024-08-19 18:08:50,134.91,UNION,SUCCESS,
1046,MID100034,2024-08-20 12:06:27,450.04,UNION,SUCCESS,
1047,MID100034,2024-08-11 13:03:46,191.8,UNION,FAILED,INCORRECT_PIN
1048,MID100034,2024-08-16 20:29:39,139.04,UNION,SUCCESS,
1049,MID100034,2024-08-18 07:29:09,222.95,UNION,SUCCESS,
1050,MID100034,2024-08-03 10:01:28,188.82,UNION,SUCCESS,
1051,MID100034,2024-08-11 21:53:05,108.09,UNION,FAILED,INSUFFICIENT_FUNDS
1052,MID100034,2024-08-19 13:09:31,739.04,UNION,SUCCESS,
1053,MID100034,2024-08-09 07:33:32,427.0,UNION,SUCCESS,
1054,MID100034,2024-08-10 13:49:19,86.54,UNION,SUCCESS,
1055,MID100034,2024-08-26 11:37:58,550.63,UNION,SUCCESS,
1056,MID100034,2024-08-29 10:35:46,347.75,UNION,SUCCESS,
1057,MID100034,2024-08-05 16:17:17,54.81,UNION,SUCCESS,
1058,MID100034,2024-08-18 16:52:36,155.46,UNION,SUCCESS,
1059,MID100034,2024-08-08 17:53:36,370.33,UNION,SUCCESS,
1060,MID100034,2024-08-04 07:20:40,207.59,IDFC,FAILED,INSUFFICIENT_FUNDS
1061,MID100034,2024-08-28 12:39:57,437.67,IDFC,SUCCESS,
1062,MID100034,2024-08-13 16:14:54,298.16,IDFC,SUCCESS,
1063,MID100034,2024-08-23 11:03:31,148.25,IDFC,SUCCESS,
1064,MID100034,2024-08-29 15:00:43,61.95,IDFC,SUCCESS,
1065,MID100034,2024-08-09 16:02:49,181.68,IDFC,FAILED,INSUFFICIENT_FUNDS
1066,MID100034,2024-08-16 06:16:33,152.5,IDFC,SUCCESS,
1067,MID100034,2024-08-23 18:01:43,90.96,AU_SFB,SUCCESS,
1068,MID100034,2024-08-23 11:49:09,532.56,AU_SFB,SUCCESS,
1069,MID100034,2024-08-23 17:03:07,124.62,AU_SFB,SUCCESS,
1070,MID100034,2024-08-26 22:53:27,223.88,AU_SFB,SUCCESS,
1071,MID100034,2024-08-12 17:12:18,402.9,AU_SFB,SUCCESS,
1072,MID100034,2024-08-24 18:00:56,426.55,RRB_GRAMIN,FAILED,INSUFFICIENT_FUNDS
1073,MID100035,2024-08-03 18:06:37,474.47,SBI,SUCCESS,
1074,MID100035,2024-08-17 19:12:06,143.84,ICICI,SUCCESS,
1075,MID100035,2024-08-08 09:49:02,527.85,PNB,SUCCESS,
1076,MID100035,2024-08-21 09:52:27,322.84,UNION,SUCCESS,
1077,MID100035,2024-08-19 12:47:22,1735.21,AU_SFB,SUCCESS,
1078,MID100035,2024-08-15 09:18:06,198.04,AU_SFB,SUCCESS,
1079,MID100036,2024-08-14 16:21:32,479.38,HDFC,SUCCESS,
1080,MID100036,2024-08-20 19:43:05,866.86,HDFC,SUCCESS,
1081,MID100036,2024-08-10 18:36:51,143.53,HDFC,SUCCESS,
1082,MID100036,2024-08-01 16:54:58,104.11,HDFC,SUCCESS,
1083,MID100036,2024-08-06 16:57:58,308.64,HDFC,SUCCESS,
1084,MID100036,2024-08-26 18:27:55,124.08,HDFC,SUCCESS,
1085,MID100036,2024-08-21 18:17:02,35.44,SBI,SUCCESS,
1086,MID100036,2024-08-11 10:39:50,825.93,SBI,SUCCESS,
1087,MID100036,2024-08-01 12:55:48,111.63,SBI,SUCCESS,
1088,MID100036,2024-08-22 13:33:03,680.81,SBI,SUCCESS,
1089,MID100036,2024-08-09 12:33:58,194.54,SBI,SUCCESS,
1090,MID100036,2024-08-06 18:27:19,69.57,SBI,SUCCESS,
1091,MID100036,2024-08-18 15:54:43,246.22,SBI,SUCCESS,
1092,MID100036,2024-08-13 16:53:47,122.5,SBI,FAILED,TECHNICAL_DECLINE
1093,MID100036,2024-08-25 20:58:36,65.04,SBI,SUCCESS,
1094,MID100036,2024-08-01 16:56:27,154.77,SBI,SUCCESS,
1095,MID100036,2024-08-27 10:34:33,598.12,SBI,FAILED,ISSUER_DOWN
1096,MID100036,2024-08-28 19:22:40,221.99,SBI,SUCCESS,
1097,MID100036,2024-08-14 21:50:28,298.2,SBI,SUCCESS,
1098,MID100036,2024-08-01 17:31:02,784.35,SBI,SUCCESS,
1099,MID100036,2024-08-15 17:48:33,331.71,SBI,SUCCESS,
1100,MID100036,2024-08-11 12:38:03,144.06,SBI,SUCCESS,
1101,MID100036,2024-08-10 18:02:52,440.74,SBI,SUCCESS,
1102,MID100036,2024-08-29 17:19:29,316.39,SBI,SUCCESS,
1103,MID100036,2024-08-29 16:05:58,417.92,SBI,SUCCESS,
1104,MID100036,2024-08-26 07:24:46,119.23,SBI,SUCCESS,
1105,MID100036,2024-08-24 20:12:47,120.45,SBI,FAILED,INCORRECT_PIN
1106,MID100036,2024-08-24 20:12:41,128.68,SBI,SUCCESS,
1107,MID100036,2024-08-05 14:38:32,209.41,SBI,SUCCESS,
1108,MID100036,2024-08-29 20:17:43,279.26,SBI,SUCCESS,
1109,MID100036,2024-08-01 19:02:45,246.57,SBI,SUCCESS,
1110,MID100036,2024-08-11 12:58:02,401.52,SBI,SUCCESS,
1111,MID100036,2024-08-30 10:27:06,276.43,SBI,SUCCESS,
1112,MID100036,2024-08-12 22:33:50,218.45,SBI,SUCCESS,
1113,MID100036,2024-08-04 13:02:01,73.15,SBI,SUCCESS,
1114,MID100036,2024-08-03 20:34:21,197.9,SBI,SUCCESS,
1115,MID100036,2024-08-05 20:07:03,651.39,SBI,SUCCESS,
1116,MID100036,2024-08-01 19:30:20,66.69,SBI,SUCCESS,
1117,MID100036,2024-08-26 20:57:14,517.76,SBI,SUCCESS,
1118,MID100036,2024-08-30 20:29:19,126.37,SBI,SUCCESS,
1119,MID100036,2024-08-18 10:20:07,211.37,SBI,SUCCESS,
1120,MID100036,2024-08-20 19:33:18,150.58,SBI,SUCCESS,
1121,MID100036,2024-08-05 20:16:29,533.24,SBI,SUCCESS,
1122,MID100036,2024-08-11 07:05:05,736.37,SBI,FAILED,INSUFFICIENT_FUNDS
1123,MID100036,2024-08-13 20:04:51,157.07,SBI,FAILED,TECHNICAL_DECLINE
1124,MID100036,2024-08-24 17:21:17,154.83,SBI,SUCCESS,
1125,MID100036,2024-08-26 12:20:56,278.51,SBI,SUCCESS,
1126,MID100036,2024-08-18 17:24:06,247.77,SBI,SUCCESS,
1127,MID100036,2024-08-26 10:31:48,134.41,SBI,SUCCESS,
1128,MID100036,2024-08-11 19:05:25,99.46,SBI,SUCCESS,
1129,MID100036,2024-08-29 16:47:02,55.8,SBI,SUCCESS,
1130,MID100036,2024-08-09 05:46:44,147.4,SBI,SUCCESS,
1131,MID100036,2024-08-04 09:12:43,617.4,SBI,SUCCESS,
1132,MID100036,2024-08-31 21:14:56,224.31,SBI,SUCCESS,
1133,MID100036,2024-08-12 13:46:54,236.46,SBI,SUCCESS,
1134,MID100036,2024-08-25 15:12:47,82.47,SBI,SUCCESS,
1135,MID100036,2024-08-12 18:39:12,192.37,SBI,SUCCESS,
1136,MID100036,2024-08-17 11:12:48,329.49,SBI,SUCCESS,
1137,MID100036,2024-08-31 19:01:30,147.17,SBI,SUCCESS,
1138,MID100036,2024-08-04 12:28:24,452.19,SBI,SUCCESS,
1139,MID100036,2024-08-10 01:37:48,503.33,SBI,SUCCESS,
1140,MID100036,2024-08-03 21:16:46,417.66,SBI,SUCCESS,
1141,MID100036,2024-08-10 19:18:34,417.89,SBI,SUCCESS,
1142,MID100036,2024-08-19 11:14:17,145.5,SBI,SUCCESS,
1143,MID100036,2024-08-09 12:06:08,285.79,SBI,SUCCESS,
1144,MID100036,2024-08-15 09:06:33,261.47,SBI,SUCCESS,
1145,MID100036,2024-08-25 18:39:45,506.19,ICICI,FAILED,INSUFFICIENT_FUNDS
1146,MID100036,2024-08-23 14:37:36,408.35,ICICI,SUCCESS,
1147,MID100036,2024-08-15 02:42:27,363.38,ICICI,SUCCESS,
1148,MID100036,2024-08-22 02:39:16,189.38,ICICI,SUCCESS,
1149,MID100036,2024-08-18 18:12:04,88.07,ICICI,SUCCESS,
1150,MID100036,2024-08-21 19:51:03,107.82,ICICI,FAILED,INSUFFICIENT_FUNDS
1151,MID100036,2024-08-04 12:07:59,300.69,AXIS,SUCCESS,
1152,MID100036,2024-08-14 20:53:16,109.32,AXIS,SUCCESS,
1153,MID100036,2024-08-07 14:50:44,206.15,AXIS,SUCCESS,
1154,MID100036,2024-08-02 08:58:19,1008.3,AXIS,SUCCESS,
1155,MID100036,2024-08-19 20:31:31,366.55,AXIS,SUCCESS,
1156,MID100036,2024-08-23 21:29:39,178.06,AXIS,SUCCESS,
1157,MID100036,2024-08-05 21:20:21,205.35,AXIS,SUCCESS,
1158,MID100036,2024-08-21 18:05:16,500.63,AXIS,SUCCESS,
1159,MID100036,2024-08-09 18:06:10,822.94,AXIS,SUCCESS,
1160,MID100036,2024-08-26 13:18:38,146.19,AXIS,SUCCESS,
1161,MID100036,2024-08-29 22:20:56,130.95,AXIS,SUCCESS,
1162,MID100036,2024-08-29 16:08:45,506.79,AXIS,SUCCESS,
1163,MID100036,2024-08-12 12:05:16,207.94,AXIS,SUCCESS,
1164,MID100036,2024-08-27 19:06:24,166.75,AXIS,SUCCESS,
1165,MID100036,2024-08-05 19:33:28,92.55,PNB,SUCCESS,
1166,MID100036,2024-08-18 21:46:57,254.07,PNB,SUCCESS,
1167,MID100036,2024-08-05 12:49:15,580.3,PNB,SUCCESS,
1168,MID100036,2024-08-18 18:56:58,180.51,PNB,SUCCESS,
1169,MID100036,2024-08-31 18:06:29,736.41,PNB,SUCCESS,
1170,MID100036,2024-08-23 12:46:32,511.1,PNB,SUCCESS,
1171,MID100036,2024-08-06 15:18:42,498.24,BOB,SUCCESS,
1172,MID100036,2024-08-18 09:35:47,370.73,BOB,SUCCESS,
1173,MID100036,2024-08-26 11:33:42,245.18,BOB,SUCCESS,
1174,MID100036,2024-08-20 22:11:22,166.8,BOB,SUCCESS,
1175,MID100036,2024-08-02 23:02:23,155.95,BOB,SUCCESS,
1176,MID100036,2024-08-25 18:34:05,274.82,BOB,SUCCESS,
1177,MID100036,2024-08-20 13:16:54,351.5,BOB,SUCCESS,
1178,MID100036,2024-08-12 21:15:33,122.12,BOB,SUCCESS,
1179,MID100036,2024-08-28 20:50:00,182.8,BOB,SUCCESS,
1180,MID100036,2024-08-13 20:33:22,280.22,BOB,SUCCESS,
1181,MID100036,2024-08-24 02:11:50,160.74,BOB,SUCCESS,
1182,MID100036,2024-08-24 13:59:58,459.58,BOB,SUCCESS,
1183,MID100036,2024-08-25 19:27:01,90.83,BOB,SUCCESS,
1184,MID100036,2024-08-31 13:36:54,211.51,BOB,SUCCESS,
1185,MID100036,2024-08-02 19:45:39,490.47,BOB,SUCCESS,
1186,MID100036,2024-08-18 21:39:51,170.98,BOB,SUCCESS,
1187,MID100036,2024-08-31 19:21:04,89.46,BOB,SUCCESS,
1188,MID100036,2024-08-18 19:51:37,451.23,BOB,SUCCESS,
1189,MID100036,2024-08-08 21:49:28,306.56,BOB,SUCCESS,
1190,MID100036,2024-08-28 00:17:37,45.5,BOB,SUCCESS,
1191,MID100036,2024-08-18 09:41:13,429.2,CANARA,SUCCESS,
1192,MID100036,2024-08-03 13:34:55,141.35,UNION,SUCCESS,
1193,MID100036,2024-08-21 19:51:25,151.68,UNION,SUCCESS,
1194,MID100036,2024-08-24 19:49:48,589.2,UNION,SUCCESS,
1195,MID100036,2024-08-26 20:56:00,406.35,UNION,SUCCESS,
1196,MID100036,2024-08-17 19:08:19,312.84,UNION,SUCCESS,
1197,MID100036,2024-08-11 17:13:51,628.81,UNION,FAILED,INCORRECT_PIN
1198,MID100036,2024-08-06 19:02:44,221.6,UNION,SUCCESS,
1199,MID100036,2024-08-01 20:50:22,781.05,UNION,SUCCESS,
1200,MID100036,2024-08-24 17:09:21,129.6,UNION,SUCCESS,
1201,MID100036,2024-08-23 19:43:37,726.95,UNION,SUCCESS,
1202,MID100036,2024-08-01 20:27:43,107.23,YES,SUCCESS,
1203,MID100036,2024-08-11 12:36:37,164.31,YES,SUCCESS,
1204,MID100036,2024-08-18 12:45:25,194.99,YES,SUCCESS,
1205,MID100036,2024-08-11 16:43:24,115.65,YES,SUCCESS,
1206,MID100036,2024-08-22 16:03:51,114.07,YES,SUCCESS,
1207,MID100036,2024-08-23 20:30:10,153.64,AU_SFB,SUCCESS,
1208,MID100036,2024-08-05 12:28:05,75.35,RRB_GRAMIN,SUCCESS,
1209,MID100036,2024-08-30 08:37:23,77.41,RRB_GRAMIN,SUCCESS,
1210,MID100036,2024-08-30 18:39:09,132.6,RRB_GRAMIN,FAILED,INSUFFICIENT_FUNDS
1211,MID100038,2024-08-06 19:25:13,72.86,HDFC,SUCCESS,
1212,MID100038,2024-08-16 22:16:09,87.28,HDFC,SUCCESS,
1213,MID100038,2024-08-03 15:34:55,151.17,HDFC,SUCCESS,
1214,MID100038,2024-08-26 15:15:32,69.59,HDFC,SUCCESS,
1215,MID100038,2024-08-28 21:51:55,131.7,HDFC,SUCCESS,
1216,MID100038,2024-08-09 21:20:42,51.28,HDFC,SUCCESS,
1217,MID100038,2024-08-10 12:24:08,146.62,HDFC,SUCCESS,
1218,MID100038,2024-08-09 19:09:31,199.01,SBI,FAILED,TECHNICAL_DECLINE
1219,MID100038,2024-08-26 09:02:14,174.12,SBI,SUCCESS,
1220,MID100038,2024-08-09 08:07:21,184.37,ICICI,SUCCESS,
1221,MID100038,2024-08-23 18:35:02,230.81,ICICI,FAILED,TECHNICAL_DECLINE
1222,MID100038,2024-08-19 08:05:09,39.56,ICICI,SUCCESS,
1223,MID100038,2024-08-02 10:53:41,51.42,ICICI,SUCCESS,
1224,MID100038,2024-08-23 16:19:11,101.48,ICICI,SUCCESS,
1225,MID100038,2024-08-20 16:15:19,610.69,AXIS,SUCCESS,
1226,MID100038,2024-08-06 12:47:07,116.18,AXIS,SUCCESS,
1227,MID100038,2024-08-02 08:24:27,410.28,KOTAK,SUCCESS,
1228,MID100038,2024-08-21 16:50:07,75.8,UNION,SUCCESS,
1229,MID100039,2024-08-16 15:32:33,113.94,SBI,FAILED,INCORRECT_PIN
1230,MID100039,2024-08-03 20:38:01,294.08,SBI,SUCCESS,
1231,MID100039,2024-08-22 13:58:04,592.75,ICICI,SUCCESS,
1232,MID100039,2024-08-21 16:31:59,255.42,PNB,SUCCESS,
1233,MID100039,2024-08-06 20:33:31,132.49,UNION,SUCCESS,
1234,MID100039,2024-08-06 18:36:10,296.26,UNION,SUCCESS,
1235,MID100039,2024-08-13 20:02:49,110.91,UNION,SUCCESS,
1236,MID100039,2024-08-16 12:34:55,128.88,YES,SUCCESS,
1237,MID100039,2024-08-15 19:48:31,89.43,YES,SUCCESS,
1238,MID100040,2024-08-19 12:22:38,83.91,HDFC,SUCCESS,
1239,MID100040,2024-08-01 18:09:15,203.27,SBI,SUCCESS,
1240,MID100040,2024-08-17 17:34:14,131.44,AXIS,SUCCESS,
1241,MID100040,2024-08-23 12:38:15,131.82,KOTAK,SUCCESS,
1242,MID100040,2024-08-13 07:46:55,191.93,KOTAK,SUCCESS,
1243,MID100040,2024-08-29 09:41:55,57.05,KOTAK,SUCCESS,
1244,MID100040,2024-08-07 10:42:25,98.73,KOTAK,SUCCESS,
1245,MID100040,2024-08-11 11:08:25,74.19,KOTAK,SUCCESS,
1246,MID100040,2024-08-29 09:20:54,226.66,KOTAK,SUCCESS,
1247,MID100040,2024-08-22 09:27:07,206.77,RRB_GRAMIN,FAILED,ISSUER_DOWN
1248,MID100041,2024-08-04 21:46:56,2606.57,KOTAK,SUCCESS,
1249,MID100043,2024-08-30 18:50:28,270.96,HDFC,SUCCESS,
1250,MID100043,2024-08-28 21:53:17,538.6,HDFC,SUCCESS,
1251,MID100043,2024-08-18 14:31:24,139.54,HDFC,SUCCESS,
1252,MID100043,2024-08-28 16:30:20,140.1,HDFC,SUCCESS,
1253,MID100043,2024-08-26 12:16:24,193.45,HDFC,SUCCESS,
1254,MID100043,2024-08-30 20:31:50,1328.08,HDFC,SUCCESS,
1255,MID100043,2024-08-27 22:19:46,1333.78,HDFC,SUCCESS,
1256,MID100043,2024-08-16 19:13:54,114.37,HDFC,FAILED,INCORRECT_PIN
1257,MID100043,2024-08-20 07:07:04,137.76,HDFC,SUCCESS,
1258,MID100043,2024-08-08 18:53:19,202.8,HDFC,SUCCESS,
1259,MID100043,2024-08-22 15:48:06,289.75,HDFC,SUCCESS,
1260,MID100043,2024-08-17 21:24:06,273.02,HDFC,SUCCESS,
1261,MID100043,2024-08-24 18:28:08,532.13,HDFC,SUCCESS,
1262,MID100043,2024-08-26 19:49:23,231.27,HDFC,SUCCESS,
1263,MID100043,2024-08-04 18:33:21,148.94,HDFC,SUCCESS,
1264,MID100043,2024-08-23 14:11:22,356.05,HDFC,SUCCESS,
1265,MID100043,2024-08-08 17:34:02,366.88,HDFC,SUCCESS,
1266,MID100043,2024-08-22 18:00:55,229.91,HDFC,SUCCESS,
1267,MID100043,2024-08-07 15:37:35,169.42,HDFC,SUCCESS,
1268,MID100043,2024-08-22 12:02:26,1233.49,HDFC,SUCCESS,
1269,MID100043,2024-08-10 09:57:09,277.6,HDFC,SUCCESS,
1270,MID100043,2024-08-21 18:24:29,263.32,SBI,SUCCESS,
1271,MID100043,2024-08-04 10:39:18,116.95,SBI,SUCCESS,
1272,MID100043,2024-08-05 18:50:01,496.4,SBI,SUCCESS,
1273,MID100043,2024-08-13 18:18:42,703.82,SBI,SUCCESS,
1274,MID100043,2024-08-21 11:18:19,1089.9,ICICI,SUCCESS,
1275,MID100043,2024-08-29 18:08:37,250.08,ICICI,SUCCESS,
1276,MID100043,2024-08-16 20:12:10,716.86,ICICI,SUCCESS,
1277,MID100043,2024-08-20 14:25:42,161.26,ICICI,SUCCESS,
1278,MID100043,2024-08-08 11:04:02,981.51,ICICI,SUCCESS,
1279,MID100043,2024-08-06 14:51:18,4766.62,ICICI,SUCCESS,
1280,MID100043,2024-08-24 18:15:31,533.81,ICICI,SUCCESS,
1281,MID100043,2024-08-04 10:03:11,168.83,ICICI,SUCCESS,
1282,MID100043,2024-08-17 18:05:33,127.47,AXIS,SUCCESS,
1283,MID100043,2024-08-26 10:42:23,314.49,AXIS,SUCCESS,
1284,MID100043,2024-08-27 01:16:06,888.31,AXIS,SUCCESS,
1285,MID100043,2024-08-07 08:55:15,120.11,AXIS,SUCCESS,
1286,MID100043,2024-08-12 12:55:35,419.78,AXIS,SUCCESS,
1287,MID100043,2024-08-25 18:45:47,287.71,AXIS,SUCCESS,
1288,MID100043,2024-08-19 19:57:44,152.38,AXIS,SUCCESS,
1289,MID100043,2024-08-23 11:17:52,194.01,AXIS,SUCCESS,
1290,MID100043,2024-08-21 15:47:53,348.62,KOTAK,SUCCESS,
1291,MID100043,2024-08-07 23:42:48,208.69,KOTAK,SUCCESS,
1292,MID100043,2024-08-31 06:52:54,385.49,UNION,SUCCESS,
1293,MID100043,2024-08-17 18:32:46,533.07,UNION,SUCCESS,
1294,MID100043,2024-08-21 15:08:28,283.8,UNION,FAILED,INSUFFICIENT_FUNDS
1295,MID100043,2024-08-25 04:24:04,116.84,IDFC,SUCCESS,
1296,MID100045,2024-08-31 01:37:05,71.29,HDFC,SUCCESS,
1297,MID100045,2024-08-04 21:33:47,97.03,SBI,SUCCESS,
1298,MID100045,2024-08-26 11:49:25,65.27,AXIS,SUCCESS,
1299,MID100045,2024-08-30 15:39:43,20.31,AXIS,SUCCESS,
1300,MID100045,2024-08-31 17:15:21,171.97,AXIS,SUCCESS,
1301,MID100045,2024-08-11 19:20:19,161.04,AXIS,SUCCESS,
1302,MID100045,2024-08-30 07:04:34,152.06,AXIS,SUCCESS,
1303,MID100045,2024-08-25 19:26:33,111.29,KOTAK,SUCCESS,
1304,MID100045,2024-08-20 07:07:22,143.84,KOTAK,SUCCESS,
1305,MID100045,2024-08-22 06:31:41,449.64,KOTAK,FAILED,INSUFFICIENT_FUNDS
1306,MID100045,2024-08-25 11:37:16,304.27,PNB,FAILED,ISSUER_DOWN
1307,MID100045,2024-08-16 13:32:11,87.2,BOB,SUCCESS,
1308,MID100045,2024-08-14 14:02:12,52.1,UNION,SUCCESS,
1309,MID100045,2024-08-06 09:43:46,628.89,YES,SUCCESS,
1310,MID100045,2024-08-16 18:21:40,130.19,AU_SFB,SUCCESS,
1311,MID100045,2024-08-12 17:14:58,94.45,AU_SFB,SUCCESS,
1312,MID100049,2024-08-26 20:03:33,275.21,SBI,SUCCESS,
1313,MID100049,2024-08-06 18:16:42,1114.57,ICICI,SUCCESS,
1314,MID100049,2024-08-13 18:47:01,515.39,IDFC,SUCCESS,
1315,MID100050,2024-08-26 10:26:47,57.92,HDFC,SUCCESS,
1316,MID100050,2024-08-19 13:25:17,72.05,SBI,SUCCESS,
1317,MID100050,2024-08-05 10:47:01,59.6,SBI,SUCCESS,
1318,MID100050,2024-08-04 13:28:06,48.68,SBI,SUCCESS,
1319,MID100050,2024-08-04 12:49:22,90.08,SBI,SUCCESS,
1320,MID100050,2024-08-04 17:48:45,76.81,SBI,SUCCESS,
1321,MID100050,2024-08-23 16:30:33,58.27,SBI,SUCCESS,
1322,MID100050,2024-08-23 16:20:29,230.13,SBI,SUCCESS,
1323,MID100050,2024-08-19 20:56:24,140.84,SBI,SUCCESS,
1324,MID100050,2024-08-04 09:00:47,41.97,SBI,SUCCESS,
1325,MID100050,2024-08-14 14:23:54,197.05,SBI,SUCCESS,
1326,MID100050,2024-08-13 11:52:16,37.38,SBI,SUCCESS,
1327,MID100050,2024-08-13 16:16:08,86.77,SBI,SUCCESS,
1328,MID100050,2024-08-11 18:02:23,237.2,SBI,SUCCESS,
1329,MID100050,2024-08-01 05:24:51,173.55,SBI,SUCCESS,
1330,MID100050,2024-08-09 18:18:04,117.81,SBI,SUCCESS,
1331,MID100050,2024-08-17 17:20:05,35.53,SBI,SUCCESS,
1332,MID100050,2024-08-17 18:38:20,78.32,ICICI,SUCCESS,
1333,MID100050,2024-08-03 22:55:10,260.67,ICICI,SUCCESS,
1334,MID100050,2024-08-11 05:42:37,59.14,ICICI,SUCCESS,
1335,MID100050,2024-08-02 15:30:02,206.36,ICICI,SUCCESS,
1336,MID100050,2024-08-14 21:51:52,123.78,ICICI,SUCCESS,
1337,MID100050,2024-08-22 08:36:40,284.16,ICICI,FAILED,USER_CANCELLED
1338,MID100050,2024-08-14 16:13:13,33.45,ICICI,SUCCESS,
1339,MID100050,2024-08-02 10:05:36,14.04,ICICI,SUCCESS,
1340,MID100050,2024-08-03 05:35:20,46.68,ICICI,SUCCESS,
1341,MID100050,2024-08-15 06:34:05,125.55,ICICI,SUCCESS,
1342,MID100050,2024-08-26 13:52:46,163.28,KOTAK,SUCCESS,
1343,MID100050,2024-08-08 09:48:31,36.65,PNB,SUCCESS,
1344,MID100050,2024-08-27 16:35:08,70.0,PNB,FAILED,INSUFFICIENT_FUNDS
1345,MID100050,2024-08-13 13:43:58,59.76,CANARA,SUCCESS,
1346,MID100050,2024-08-15 15:43:52,11.7,UNION,SUCCESS,
1347,MID100050,2024-08-08 11:29:49,129.67,YES,SUCCESS,
1348,MID100054,2024-08-29 06:44:48,488.73,HDFC,SUCCESS,
1349,MID100054,2024-08-07 05:06:41,303.91,HDFC,FAILED,INSUFFICIENT_FUNDS
1350,MID100054,2024-08-28 07:11:26,481.38,HDFC,SUCCESS,
1351,MID100054,2024-08-15 17:51:33,463.28,HDFC,SUCCESS,
1352,MID100054,2024-08-23 15:59:39,563.71,HDFC,SUCCESS,
1353,MID100054,2024-08-09 17:12:49,1242.7,HDFC,SUCCESS,
1354,MID100054,2024-08-17 14:54:28,737.42,HDFC,SUCCESS,
1355,MID100054,2024-08-13 21:59:38,520.67,HDFC,SUCCESS,
1356,MID100054,2024-08-04 14:26:58,512.05,HDFC,SUCCESS,
1357,MID100054,2024-08-21 20:55:13,326.27,HDFC,SUCCESS,
1358,MID100054,2024-08-04 17:29:51,505.74,HDFC,SUCCESS,
1359,MID100054,2024-08-08 09:48:55,693.14,HDFC,SUCCESS,
1360,MID100054,2024-08-28 09:17:20,771.52,HDFC,SUCCESS,
1361,MID100054,2024-08-04 04:10:07,266.2,HDFC,SUCCESS,
1362,MID100054,2024-08-24 07:06:59,1155.38,HDFC,SUCCESS,
1363,MID100054,2024-08-10 15:27:19,351.06,HDFC,SUCCESS,
1364,MID100054,2024-08-27 21:34:25,440.93,HDFC,SUCCESS,
1365,MID100054,2024-08-18 12:42:23,316.64,HDFC,SUCCESS,
1366,MID100054,2024-08-15 09:53:06,1056.77,HDFC,SUCCESS,
1367,MID100054,2024-08-15 13:51:11,711.01,HDFC,SUCCESS,
1368,MID100054,2024-08-06 13:35:48,596.5,HDFC,FAILED,INCORRECT_PIN
1369,MID100054,2024-08-19 16:15:17,561.02,HDFC,SUCCESS,
1370,MID100054,2024-08-12 16:35:55,465.09,HDFC,SUCCESS,
1371,MID100054,2024-08-29 21:26:03,369.17,HDFC,SUCCESS,
1372,MID100054,2024-08-04 13:36:07,468.34,HDFC,SUCCESS,
1373,MID100054,2024-08-01 07:21:40,333.02,HDFC,SUCCESS,
1374,MID100054,2024-08-12 07:23:30,768.2,HDFC,SUCCESS,
1375,MID100054,2024-08-01 10:27:51,427.04,SBI,SUCCESS,
1376,MID100054,2024-08-14 14:14:21,591.99,SBI,SUCCESS,
1377,MID100054,2024-08-29 17:10:59,343.12,SBI,SUCCESS,
1378,MID100054,2024-08-17 17:26:13,327.39,SBI,SUCCESS,
1379,MID100054,2024-08-22 08:08:12,608.13,SBI,SUCCESS,
1380,MID100054,2024-08-18 08:44:02,362.27,SBI,SUCCESS,
1381,MID100054,2024-08-03 19:32:10,182.19,SBI,SUCCESS,
1382,MID100054,2024-08-25 09:48:20,196.94,SBI,SUCCESS,
1383,MID100054,2024-08-05 07:10:04,477.93,SBI,SUCCESS,
1384,MID100054,2024-08-14 06:38:12,1501.65,SBI,SUCCESS,
1385,MID100054,2024-08-29 08:35:13,1005.99,ICICI,SUCCESS,
1386,MID100054,2024-08-05 16:56:08,515.49,ICICI,SUCCESS,
1387,MID100054,2024-08-09 21:16:51,416.0,ICICI,SUCCESS,
1388,MID100054,2024-08-13 20:24:52,664.31,ICICI,SUCCESS,
1389,MID100054,2024-08-01 08:30:58,398.73,ICICI,SUCCESS,
1390,MID100054,2024-08-24 01:26:38,422.3,ICICI,SUCCESS,
1391,MID100054,2024-08-13 21:34:00,1378.95,ICICI,SUCCESS,
1392,MID100054,2024-08-26 23:56:13,466.67,ICICI,SUCCESS,
1393,MID100054,2024-08-24 07:01:49,261.4,ICICI,FAILED,ISSUER_DOWN
1394,MID100054,2024-08-02 07:54:20,523.07,ICICI,SUCCESS,
1395,MID100054,2024-08-08 09:25:46,486.19,ICICI,SUCCESS,
1396,MID100054,2024-08-22 20:00:31,1128.66,ICICI,SUCCESS,
1397,MID100054,2024-08-30 19:55:15,416.4,ICICI,SUCCESS,
1398,MID100054,2024-08-22 17:21:20,717.98,ICICI,SUCCESS,
1399,MID100054,2024-08-01 08:42:16,303.48,ICICI,SUCCESS,
1400,MID100054,2024-08-22 09:45:32,671.66,ICICI,SUCCESS,
1401,MID100054,2024-08-11 18:04:38,405.47,ICICI,SUCCESS,
1402,MID100054,2024-08-15 17:51:50,858.16,ICICI,SUCCESS,
1403,MID100054,2024-08-04 15:29:13,156.29,ICICI,SUCCESS,
1404,MID100054,2024-08-24 11:45:40,556.53,ICICI,SUCCESS,
1405,MID100054,2024-08-13 07:48:03,461.75,ICICI,SUCCESS,
1406,MID100054,2024-08-29 17:47:45,238.75,ICICI,SUCCESS,
1407,MID100054,2024-08-02 06:10:29,855.92,ICICI,SUCCESS,
1408,MID100054,2024-08-16 11:37:21,454.31,ICICI,SUCCESS,
1409,MID100054,2024-08-20 18:21:42,351.65,ICICI,SUCCESS,
1410,MID100054,2024-08-02 05:07:40,238.09,AXIS,SUCCESS,
1411,MID100054,2024-08-22 09:01:03,1437.47,AXIS,SUCCESS,
1412,MID100054,2024-08-31 19:30:09,872.61,AXIS,SUCCESS,
1413,MID100054,2024-08-25 10:03:09,867.15,AXIS,SUCCESS,
1414,MID100054,2024-08-12 20:21:28,872.88,AXIS,SUCCESS,
1415,MID100054,2024-08-07 16:33:00,430.82,AXIS,SUCCESS,
1416,MID100054,2024-08-03 09:29:16,566.6,AXIS,SUCCESS,
1417,MID100054,2024-08-27 18:54:00,550.17,AXIS,FAILED,INCORRECT_PIN
1418,MID100054,2024-08-23 17:18:54,380.81,AXIS,FAILED,INCORRECT_PIN
1419,MID100054,2024-08-29 13:55:54,670.94,AXIS,SUCCESS,
1420,MID100054,2024-08-31 18:09:10,773.06,AXIS,SUCCESS,
1421,MID100054,2024-08-21 06:53:39,609.62,AXIS,SUCCESS,
1422,MID100054,2024-08-21 07:54:28,602.51,AXIS,SUCCESS,
1423,MID100054,2024-08-06 19:39:35,686.96,AXIS,SUCCESS,
1424,MID100054,2024-08-14 09:59:44,356.06,AXIS,SUCCESS,
1425,MID100054,2024-08-20 06:32:10,1011.73,AXIS,SUCCESS,
1426,MID100054,2024-08-15 09:39:33,1954.46,AXIS,SUCCESS,
1427,MID100054,2024-08-24 18:05:49,292.16,AXIS,SUCCESS,
1428,MID100054,2024-08-02 12:39:32,371.46,AXIS,SUCCESS,
1429,MID100054,2024-08-17 11:50:41,214.85,AXIS,SUCCESS,
1430,MID100054,2024-08-15 12:15:26,762.68,AXIS,SUCCESS,
1431,MID100054,2024-08-07 07:57:45,520.52,AXIS,SUCCESS,
1432,MID100054,2024-08-21 11:00:00,195.33,AXIS,SUCCESS,
1433,MID100054,2024-08-07 14:37:56,495.7,AXIS,SUCCESS,
1434,MID100054,2024-08-21 19:29:57,300.94,AXIS,SUCCESS,
1435,MID100054,2024-08-15 21:26:58,799.45,AXIS,SUCCESS,
1436,MID100054,2024-08-11 23:03:35,573.44,AXIS,SUCCESS,
1437,MID100054,2024-08-24 12:21:01,407.92,AXIS,FAILED,TIMEOUT
1438,MID100054,2024-08-11 18:00:33,326.28,AXIS,SUCCESS,
1439,MID100054,2024-08-22 21:04:20,327.46,KOTAK,FAILED,USER_CANCELLED
1440,MID100054,2024-08-10 09:50:50,834.47,KOTAK,SUCCESS,
1441,MID100054,2024-08-06 21:32:05,868.28,KOTAK,SUCCESS,
1442,MID100054,2024-08-13 19:33:49,511.06,KOTAK,SUCCESS,
1443,MID100054,2024-08-23 15:49:07,617.18,KOTAK,SUCCESS,
1444,MID100054,2024-08-24 07:42:37,570.24,KOTAK,SUCCESS,
1445,MID100054,2024-08-04 07:29:14,271.12,KOTAK,SUCCESS,
1446,MID100054,2024-08-21 17:40:19,312.49,KOTAK,SUCCESS,
1447,MID100054,2024-08-14 11:55:10,507.15,KOTAK,SUCCESS,
1448,MID100054,2024-08-08 09:21:46,391.97,KOTAK,SUCCESS,
1449,MID100054,2024-08-17 18:12:42,385.77,KOTAK,SUCCESS,
1450,MID100054,2024-08-03 07:43:03,266.47,KOTAK,SUCCESS,
1451,MID100054,2024-08-22 17:49:45,713.03,KOTAK,SUCCESS,
1452,MID100054,2024-08-17 03:24:43,536.01,KOTAK,SUCCESS,
1453,MID100054,2024-08-05 18:46:59,751.79,KOTAK,SUCCESS,
1454,MID100054,2024-08-08 09:37:33,826.62,KOTAK,SUCCESS,
1455,MID100054,2024-08-01 08:31:00,950.29,KOTAK,SUCCESS,
1456,MID100054,2024-08-28 14:39:49,355.85,KOTAK,SUCCESS,
1457,MID100054,2024-08-17 20:48:37,576.53,KOTAK,SUCCESS,
1458,MID100054,2024-08-30 05:04:46,309.19,KOTAK,SUCCESS,
1459,MID100054,2024-08-03 16:04:34,1163.31,KOTAK,SUCCESS,
1460,MID100054,2024-08-29 17:39:59,503.25,PNB,SUCCESS,
1461,MID100054,2024-08-17 17:26:54,693.59,PNB,SUCCESS,
1462,MID100054,2024-08-12 05:45:21,482.95,PNB,SUCCESS,
1463,MID100054,2024-08-14 15:13:31,626.16,PNB,SUCCESS,
1464,MID100054,2024-08-13 18:16:30,524.1,PNB,SUCCESS,
1465,MID100054,2024-08-04 07:50:15,716.6,PNB,SUCCESS,
1466,MID100054,2024-08-12 06:52:18,612.74,PNB,FAILED,INCORRECT_PIN
1467,MID100054,2024-08-06 21:02:14,837.02,PNB,SUCCESS,
1468,MID100054,2024-08-20 11:43:37,391.43,PNB,SUCCESS,
1469,MID100054,2024-08-05 15:18:09,262.06,PNB,SUCCESS,
1470,MID100054,2024-08-20 05:02:46,731.77,PNB,SUCCESS,
1471,MID100054,2024-08-13 10:01:49,993.31,BOB,SUCCESS,
1472,MID100054,2024-08-12 22:47:25,306.07,UNION,SUCCESS,
1473,MID100054,2024-08-08 09:57:57,252.32,UNION,SUCCESS,
1474,MID100054,2024-08-29 14:41:10,969.27,YES,SUCCESS,
1475,MID100054,2024-08-25 10:08:51,800.04,YES,SUCCESS,
1476,MID100054,2024-08-09 13:54:37,339.52,IDFC,SUCCESS,
1477,MID100054,2024-08-11 10:18:56,490.57,IDFC,SUCCESS,
1478,MID100054,2024-08-26 16:23:12,395.42,IDFC,SUCCESS,
1479,MID100054,2024-08-06 07:30:13,295.32,IDFC,SUCCESS,
1480,MID100054,2024-08-29 06:28:23,419.62,IDFC,SUCCESS,
1481,MID100054,2024-08-24 17:03:17,381.03,PAYTM_PB,SUCCESS,
1482,MID100054,2024-08-16 06:44:49,183.46,PAYTM_PB,SUCCESS,
1483,MID100054,2024-08-11 19:16:42,686.3,PAYTM_PB,SUCCESS,
1484,MID100054,2024-08-15 10:14:20,604.55,PAYTM_PB,SUCCESS,
1485,MID100054,2024-08-24 08:08:40,760.46,PAYTM_PB,SUCCESS,
1486,MID100054,2024-08-15 14:16:45,761.17,PAYTM_PB,SUCCESS,
1487,MID100054,2024-08-23 21:31:56,363.34,PAYTM_PB,SUCCESS,
1488,MID100054,2024-08-02 19:03:01,434.03,PAYTM_PB,SUCCESS,
1489,MID100054,2024-08-19 06:54:16,568.5,PAYTM_PB,SUCCESS,
1490,MID100054,2024-08-04 09:28:48,792.5,PAYTM_PB,SUCCESS,
1491,MID100054,2024-08-22 19:01:12,1479.23,PAYTM_PB,SUCCESS,
1492,MID100054,2024-08-04 15:33:29,546.11,PAYTM_PB,SUCCESS,
1493,MID100054,2024-08-30 03:18:45,720.78,PAYTM_PB,SUCCESS,
1494,MID100054,2024-08-05 18:11:00,233.03,PAYTM_PB,SUCCESS,
1495,MID100054,2024-08-26 13:05:50,256.37,PAYTM_PB,FAILED,ISSUER_DOWN
1496,MID100056,2024-08-19 08:44:16,77.84,HDFC,SUCCESS,
1497,MID100056,2024-08-11 10:19:48,522.72,SBI,SUCCESS,
1498,MID100056,2024-08-10 18:32:53,324.6,SBI,SUCCESS,
1499,MID100056,2024-08-16 14:42:00,165.54,SBI,SUCCESS,
1500,MID100056,2024-08-13 20:09:36,34.55,SBI,SUCCESS,
1501,MID100056,2024-08-14 18:36:43,118.92,SBI,SUCCESS,
1502,MID100056,2024-08-16 08:51:20,350.91,SBI,SUCCESS,
1503,MID100056,2024-08-25 17:45:09,161.4,SBI,SUCCESS,
1504,MID100056,2024-08-19 02:58:24,66.95,SBI,SUCCESS,
1505,MID100056,2024-08-02 06:53:11,195.3,ICICI,SUCCESS,
1506,MID100056,2024-08-03 17:22:37,100.87,AXIS,SUCCESS,
1507,MID100056,2024-08-20 13:43:05,311.19,AXIS,SUCCESS,
1508,MID100056,2024-08-17 19:49:10,177.25,BOB,FAILED,INCORRECT_PIN
1509,MID100056,2024-08-14 10:31:21,237.66,BOB,SUCCESS,
1510,MID100056,2024-08-27 13:49:23,35.21,CANARA,SUCCESS,
1511,MID100056,2024-08-07 05:35:11,258.15,CANARA,SUCCESS,
1512,MID100056,2024-08-08 20:22:29,506.01,CANARA,SUCCESS,
1513,MID100056,2024-08-16 14:51:04,58.15,CANARA,SUCCESS,
1514,MID100056,2024-08-15 13:27:11,140.78,UNION,SUCCESS,
1515,MID100056,2024-08-22 14:48:10,168.76,PAYTM_PB,SUCCESS,
1516,MID100056,2024-08-01 09:48:04,123.52,RRB_GRAMIN,SUCCESS,
1517,MID100056,2024-08-17 12:07:22,228.94,RRB_GRAMIN,SUCCESS,
1518,MID100056,2024-08-16 19:35:00,310.32,RRB_GRAMIN,SUCCESS,
1519,MID100056,2024-08-20 11:56:41,155.84,RRB_GRAMIN,SUCCESS,
1520,MID100056,2024-08-10 18:06:04,158.47,RRB_GRAMIN,SUCCESS,
1521,MID100057,2024-08-12 16:13:49,63.97,HDFC,SUCCESS,
1522,MID100057,2024-08-01 16:26:54,295.91,SBI,SUCCESS,
1523,MID100057,2024-08-18 15:27:59,125.51,SBI,SUCCESS,
1524,MID100057,2024-08-08 20:32:14,101.54,SBI,FAILED,INCORRECT_PIN
1525,MID100057,2024-08-07 17:08:35,186.3,SBI,FAILED,TIMEOUT
1526,MID100057,2024-08-16 16:12:13,40.35,ICICI,SUCCESS,
1527,MID100057,2024-08-26 12:15:14,170.23,ICICI,SUCCESS,
1528,MID100057,2024-08-07 20:06:51,68.97,AXIS,SUCCESS,
1529,MID100057,2024-08-09 19:05:27,47.12,AXIS,SUCCESS,
1530,MID100057,2024-08-06 07:17:39,129.68,AXIS,SUCCESS,
1531,MID100057,2024-08-14 12:54:36,131.1,AXIS,SUCCESS,
1532,MID100057,2024-08-27 14:28:09,57.72,AXIS,SUCCESS,
1533,MID100057,2024-08-23 15:15:07,64.54,AXIS,SUCCESS,
1534,MID100057,2024-08-30 17:52:14,77.01,BOB,SUCCESS,
1535,MID100057,2024-08-29 13:50:36,20.21,UNION,FAILED,INCORRECT_PIN
1536,MID100057,2024-08-19 09:36:07,118.57,UNION,SUCCESS,
1537,MID100057,2024-08-30 18:20:15,247.03,PAYTM_PB,SUCCESS,
1538,MID100057,2024-08-30 15:36:51,317.46,RRB_GRAMIN,FAILED,INSUFFICIENT_FUNDS
1539,MID100057,2024-08-21 18:55:15,93.4,RRB_GRAMIN,SUCCESS,
1540,MID100057,2024-08-31 08:33:19,185.0,RRB_GRAMIN,SUCCESS,
1541,MID100057,2024-08-21 19:54:21,265.27,RRB_GRAMIN,SUCCESS,
1542,MID100057,2024-08-29 16:17:33,99.2,RRB_GRAMIN,SUCCESS,
1543,MID100057,2024-08-31 06:13:29,51.92,RRB_GRAMIN,SUCCESS,
1544,MID100057,2024-08-25 20:48:55,61.57,RRB_GRAMIN,SUCCESS,
1545,MID100057,2024-08-13 08:38:31,21.28,RRB_GRAMIN,SUCCESS,
1546,MID100058,2024-08-06 05:57:08,147.69,BOB,SUCCESS,
1547,MID100058,2024-08-05 09:23:35,1065.8,YES,SUCCESS,
1548,MID100060,2024-08-26 09:32:01,53.01,HDFC,SUCCESS,
1549,MID100060,2024-08-11 11:05:31,48.49,HDFC,SUCCESS,
1550,MID100060,2024-08-03 17:02:19,60.59,HDFC,SUCCESS,
1551,MID100060,2024-08-23 21:57:31,229.44,HDFC,SUCCESS,
1552,MID100060,2024-08-10 08:11:18,302.56,HDFC,SUCCESS,
1553,MID100060,2024-08-29 07:01:25,88.28,HDFC,SUCCESS,
1554,MID100060,2024-08-30 05:10:49,344.16,HDFC,SUCCESS,
1555,MID100060,2024-08-06 17:53:38,139.25,HDFC,SUCCESS,
1556,MID100060,2024-08-25 17:41:42,76.39,HDFC,SUCCESS,
1557,MID100060,2024-08-18 20:07:48,511.11,HDFC,SUCCESS,
1558,MID100060,2024-08-02 19:47:05,118.29,HDFC,SUCCESS,
1559,MID100060,2024-08-01 09:17:43,199.55,HDFC,SUCCESS,
1560,MID100060,2024-08-29 14:24:49,137.62,HDFC,SUCCESS,
1561,MID100060,2024-08-24 08:32:46,184.4,HDFC,SUCCESS,
1562,MID100060,2024-08-18 19:05:52,151.14,HDFC,SUCCESS,
1563,MID100060,2024-08-09 13:22:31,240.74,HDFC,SUCCESS,
1564,MID100060,2024-08-23 06:11:45,66.29,HDFC,SUCCESS,
1565,MID100060,2024-08-10 20:13:21,102.82,HDFC,SUCCESS,
1566,MID100060,2024-08-18 16:54:01,307.19,HDFC,SUCCESS,
1567,MID100060,2024-08-10 19:24:21,139.36,HDFC,SUCCESS,
1568,MID100060,2024-08-23 16:06:51,41.65,HDFC,SUCCESS,
1569,MID100060,2024-08-27 18:33:45,98.54,HDFC,SUCCESS,
1570,MID100060,2024-08-28 09:28:24,8.45,HDFC,SUCCESS,
1571,MID100060,2024-08-11 16:17:59,345.97,HDFC,SUCCESS,
1572,MID100060,2024-08-29 11:38:59,121.76,HDFC,SUCCESS,
1573,MID100060,2024-08-17 13:16:46,59.7,HDFC,SUCCESS,
1574,MID100060,2024-08-11 19:21:00,118.51,HDFC,SUCCESS,
1575,MID100060,2024-08-26 19:49:30,185.49,HDFC,SUCCESS,
1576,MID100060,2024-08-08 17:45:46,122.77,HDFC,SUCCESS,
1577,MID100060,2024-08-01 12:14:30,51.27,HDFC,SUCCESS,
1578,MID100060,2024-08-02 19:15:33,335.34,HDFC,SUCCESS,
1579,MID100060,2024-08-29 12:04:14,44.02,HDFC,SUCCESS,
1580,MID100060,2024-08-18 07:36:09,140.87,HDFC,SUCCESS,
1581,MID100060,2024-08-13 07:01:16,106.38,HDFC,SUCCESS,
1582,MID100060,2024-08-11 20:04:32,110.27,HDFC,SUCCESS,
1583,MID100060,2024-08-31 07:22:02,53.47,HDFC,SUCCESS,
1584,MID100060,2024-08-12 10:53:08,77.99,HDFC,SUCCESS,
1585,MID100060,2024-08-15 13:15:15,49.2,HDFC,SUCCESS,
1586,MID100060,2024-08-31 11:17:19,102.83,HDFC,SUCCESS,
1587,MID100060,2024-08-10 17:46:49,23.2,HDFC,SUCCESS,
1588,MID100060,2024-08-11 10:22:31,128.44,HDFC,SUCCESS,
1589,MID100060,2024-08-31 14:04:20,114.4,HDFC,FAILED,ISSUER_DOWN
1590,MID100060,2024-08-04 18:11:09,215.67,HDFC,SUCCESS,
1591,MID100060,2024-08-09 20:19:53,12.73,HDFC,SUCCESS,
1592,MID100060,2024-08-13 15:22:19,140.72,HDFC,SUCCESS,
1593,MID100060,2024-08-01 20:08:30,195.97,HDFC,SUCCESS,
1594,MID100060,2024-08-24 16:31:44,53.7,HDFC,SUCCESS,
1595,MID100060,2024-08-13 20:24:18,456.41,HDFC,SUCCESS,
1596,MID100060,2024-08-25 00:55:21,83.97,HDFC,SUCCESS,
1597,MID100060,2024-08-03 23:36:45,247.49,HDFC,SUCCESS,
1598,MID100060,2024-08-16 19:52:04,53.69,HDFC,SUCCESS,
1599,MID100060,2024-08-11 06:08:12,26.66,HDFC,SUCCESS,
1600,MID100060,2024-08-26 06:35:42,316.9,HDFC,SUCCESS,
1601,MID100060,2024-08-25 11:56:59,56.75,HDFC,SUCCESS,
1602,MID100060,2024-08-04 14:24:44,108.42,HDFC,SUCCESS,
1603,MID100060,2024-08-10 11:18:36,136.03,HDFC,SUCCESS,
1604,MID100060,2024-08-21 18:08:12,126.13,HDFC,SUCCESS,
1605,MID100060,2024-08-28 12:09:52,71.97,HDFC,SUCCESS,
1606,MID100060,2024-08-29 09:59:38,115.46,HDFC,SUCCESS,
1607,MID100060,2024-08-25 18:08:21,89.53,HDFC,SUCCESS,
1608,MID100060,2024-08-07 07:07:55,99.53,HDFC,SUCCESS,
1609,MID100060,2024-08-03 16:19:24,195.32,HDFC,FAILED,INSUFFICIENT_FUNDS
1610,MID100060,2024-08-26 17:14:22,78.2,HDFC,SUCCESS,
1611,MID100060,2024-08-27 19:11:46,73.06,HDFC,FAILED,USER_CANCELLED
1612,MID100060,2024-08-17 14:30:13,48.03,HDFC,SUCCESS,
1613,MID100060,2024-08-25 10:13:31,221.44,HDFC,SUCCESS,
1614,MID100060,2024-08-24 18:33:34,346.36,HDFC,SUCCESS,
1615,MID100060,2024-08-30 20:01:20,32.46,HDFC,SUCCESS,
1616,MID100060,2024-08-05 08:06:03,166.44,HDFC,SUCCESS,
1617,MID100060,2024-08-29 07:17:04,399.16,HDFC,SUCCESS,
1618,MID100060,2024-08-09 18:19:08,236.73,HDFC,SUCCESS,
1619,MID100060,2024-08-12 20:46:36,135.03,HDFC,SUCCESS,
1620,MID100060,2024-08-04 21:23:31,138.1,HDFC,SUCCESS,
1621,MID100060,2024-08-22 19:18:01,371.7,HDFC,SUCCESS,
1622,MID100060,2024-08-15 09:03:02,238.89,HDFC,SUCCESS,
1623,MID100060,2024-08-15 19:47:46,439.4,HDFC,SUCCESS,
1624,MID100060,2024-08-31 08:59:54,328.82,HDFC,SUCCESS,
1625,MID100060,2024-08-12 09:30:55,75.84,HDFC,FAILED,INCORRECT_PIN
1626,MID100060,2024-08-26 09:30:14,172.01,HDFC,SUCCESS,
1627,MID100060,2024-08-20 15:13:10,71.65,HDFC,SUCCESS,
1628,MID100060,2024-08-11 21:04:55,417.93,HDFC,SUCCESS,
1629,MID100060,2024-08-04 07:24:31,52.77,SBI,SUCCESS,
1630,MID100060,2024-08-09 18:45:52,209.61,SBI,SUCCESS,
1631,MID100060,2024-08-30 16:51:47,362.48,SBI,SUCCESS,
1632,MID100060,2024-08-07 12:01:42,99.63,SBI,SUCCESS,
1633,MID100060,2024-08-06 06:47:42,179.18,SBI,SUCCESS,
1634,MID100060,2024-08-19 08:37:30,171.56,SBI,SUCCESS,
1635,MID100060,2024-08-15 09:19:14,246.04,SBI,SUCCESS,
1636,MID100060,2024-08-02 23:54:44,127.91,SBI,SUCCESS,
1637,MID100060,2024-08-02 11:51:50,110.43,SBI,SUCCESS,
1638,MID100060,2024-08-27 17:11:29,281.16,SBI,SUCCESS,
1639,MID100060,2024-08-26 13:58:31,189.51,SBI,SUCCESS,
1640,MID100060,2024-08-09 07:46:30,121.8,SBI,SUCCESS,
1641,MID100060,2024-08-30 19:46:48,92.02,SBI,FAILED,INSUFFICIENT_FUNDS
1642,MID100060,2024-08-05 18:25:41,129.93,SBI,SUCCESS,
1643,MID100060,2024-08-08 19:15:00,13.91,SBI,SUCCESS,
1644,MID100060,2024-08-27 08:19:12,174.02,SBI,SUCCESS,
1645,MID100060,2024-08-11 19:13:51,120.77,SBI,SUCCESS,
1646,MID100060,2024-08-19 07:08:23,83.85,SBI,SUCCESS,
1647,MID100060,2024-08-01 17:07:43,235.24,SBI,SUCCESS,
1648,MID100060,2024-08-22 16:16:07,33.22,SBI,SUCCESS,
1649,MID100060,2024-08-28 17:28:45,33.98,SBI,SUCCESS,
1650,MID100060,2024-08-11 18:10:18,84.31,SBI,SUCCESS,
1651,MID100060,2024-08-01 19:54:55,72.21,SBI,SUCCESS,
1652,MID100060,2024-08-25 08:13:41,306.86,SBI,SUCCESS,
1653,MID100060,2024-08-15 11:18:14,140.39,SBI,SUCCESS,
1654,MID100060,2024-08-03 17:13:18,105.04,SBI,FAILED,INSUFFICIENT_FUNDS
1655,MID100060,2024-08-25 18:01:09,354.9,SBI,SUCCESS,
1656,MID100060,2024-08-25 11:37:02,79.11,SBI,SUCCESS,
1657,MID100060,2024-08-17 19:54:58,330.75,SBI,SUCCESS,
1658,MID100060,2024-08-05 17:19:54,62.79,SBI,SUCCESS,
1659,MID100060,2024-08-24 15:54:47,86.19,SBI,SUCCESS,
1660,MID100060,2024-08-09 17:42:39,220.16,SBI,SUCCESS,
1661,MID100060,2024-08-29 10:24:31,32.57,SBI,SUCCESS,
1662,MID100060,2024-08-28 08:47:07,486.56,SBI,SUCCESS,
1663,MID100060,2024-08-02 18:51:58,31.05,SBI,SUCCESS,
1664,MID100060,2024-08-11 20:29:35,46.67,SBI,SUCCESS,
1665,MID100060,2024-08-28 08:05:48,14.14,SBI,SUCCESS,
1666,MID100060,2024-08-21 05:40:29,421.75,SBI,SUCCESS,
1667,MID100060,2024-08-31 17:36:36,344.86,SBI,SUCCESS,
1668,MID100060,2024-08-31 17:28:23,168.51,SBI,SUCCESS,
1669,MID100060,2024-08-26 00:34:06,72.97,SBI,SUCCESS,
1670,MID100060,2024-08-18 16:06:30,65.24,SBI,SUCCESS,
1671,MID100060,2024-08-05 09:00:45,38.35,SBI,SUCCESS,
1672,MID100060,2024-08-10 08:32:14,33.48,SBI,SUCCESS,
1673,MID100060,2024-08-26 19:49:30,132.85,SBI,FAILED,INSUFFICIENT_FUNDS
1674,MID100060,2024-08-26 17:30:13,284.78,SBI,SUCCESS,
1675,MID100060,2024-08-25 07:00:31,92.05,SBI,SUCCESS,
1676,MID100060,2024-08-31 09:30:45,187.77,SBI,SUCCESS,
1677,MID100060,2024-08-13 19:46:42,73.52,SBI,SUCCESS,
1678,MID100060,2024-08-19 21:51:34,236.36,SBI,FAILED,INSUFFICIENT_FUNDS
1679,MID100060,2024-08-18 18:25:58,163.28,SBI,SUCCESS,
1680,MID100060,2024-08-23 18:57:52,61.96,SBI,SUCCESS,
1681,MID100060,2024-08-22 12:19:09,205.64,SBI,SUCCESS,
1682,MID100060,2024-08-12 18:26:01,38.0,SBI,FAILED,INSUFFICIENT_FUNDS
1683,MID100060,2024-08-27 14:15:06,142.52,SBI,SUCCESS,
1684,MID100060,2024-08-12 19:07:04,143.15,SBI,SUCCESS,
1685,MID100060,2024-08-19 15:23:11,82.03,SBI,SUCCESS,
1686,MID100060,2024-08-14 07:28:15,54.2,SBI,SUCCESS,
1687,MID100060,2024-08-03 11:20:43,29.61,SBI,SUCCESS,
1688,MID100060,2024-08-12 18:09:07,15.95,SBI,SUCCESS,
1689,MID100060,2024-08-08 20:11:12,39.26,SBI,SUCCESS,
1690,MID100060,2024-08-03 17:44:22,187.7,SBI,FAILED,INSUFFICIENT_FUNDS
1691,MID100060,2024-08-28 20:31:27,1434.09,SBI,SUCCESS,
1692,MID100060,2024-08-24 06:03:19,129.07,SBI,SUCCESS,
1693,MID100060,2024-08-23 10:13:34,186.47,SBI,SUCCESS,
1694,MID100060,2024-08-19 08:07:02,69.14,SBI,SUCCESS,
1695,MID100060,2024-08-31 09:40:38,101.32,SBI,SUCCESS,
1696,MID100060,2024-08-29 17:17:30,170.76,SBI,SUCCESS,
1697,MID100060,2024-08-09 21:29:41,99.3,SBI,SUCCESS,
1698,MID100060,2024-08-23 18:27:16,54.44,SBI,SUCCESS,
1699,MID100060,2024-08-13 04:40:30,25.91,SBI,SUCCESS,
1700,MID100060,2024-08-04 07:09:39,20.44,SBI,SUCCESS,
1701,MID100060,2024-08-02 17:32:59,69.95,SBI,SUCCESS,
1702,MID100060,2024-08-24 20:08:37,116.96,SBI,SUCCESS,
1703,MID100060,2024-08-13 17:39:25,168.14,SBI,FAILED,TIMEOUT
1704,MID100060,2024-08-18 18:59:43,255.81,SBI,SUCCESS,
1705,MID100060,2024-08-10 13:15:58,68.34,SBI,SUCCESS,
1706,MID100060,2024-08-09 21:35:01,192.84,SBI,SUCCESS,
1707,MID100060,2024-08-21 20:38:55,63.51,SBI,SUCCESS,
1708,MID100060,2024-08-10 17:35:53,59.78,SBI,SUCCESS,
1709,MID100060,2024-08-13 14:43:39,28.8,SBI,SUCCESS,
1710,MID100060,2024-08-10 17:25:01,72.66,SBI,SUCCESS,
1711,MID100060,2024-08-17 18:54:18,72.97,SBI,SUCCESS,
1712,MID100060,2024-08-12 13:59:08,86.21,SBI,SUCCESS,
1713,MID100060,2024-08-12 12:21:17,55.85,SBI,SUCCESS,
1714,MID100060,2024-08-07 15:27:25,138.38,SBI,SUCCESS,
1715,MID100060,2024-08-22 15:10:03,150.43,SBI,SUCCESS,
1716,MID100060,2024-08-20 22:03:00,78.84,SBI,SUCCESS,
1717,MID100060,2024-08-02 10:27:24,139.79,SBI,SUCCESS,
1718,MID100060,2024-08-16 13:29:46,27.6,SBI,FAILED,INSUFFICIENT_FUNDS
1719,MID100060,2024-08-31 06:27:56,23.15,SBI,SUCCESS,
1720,MID100060,2024-08-18 20:51:59,244.87,SBI,SUCCESS,
1721,MID100060,2024-08-01 06:19:38,67.74,SBI,SUCCESS,
1722,MID100060,2024-08-24 06:30:32,85.72,SBI,SUCCESS,
1723,MID100060,2024-08-01 08:58:23,227.51,SBI,SUCCESS,
1724,MID100060,2024-08-12 15:45:15,107.37,SBI,SUCCESS,
1725,MID100060,2024-08-02 18:43:34,126.94,SBI,SUCCESS,
1726,MID100060,2024-08-24 07:00:54,219.75,SBI,SUCCESS,
1727,MID100060,2024-08-04 14:08:18,80.61,SBI,SUCCESS,
1728,MID100060,2024-08-24 07:12:17,84.99,SBI,SUCCESS,
1729,MID100060,2024-08-16 18:11:51,147.81,SBI,SUCCESS,
1730,MID100060,2024-08-05 19:53:22,64.49,SBI,SUCCESS,
1731,MID100060,2024-08-31 09:15:37,55.71,SBI,SUCCESS,
1732,MID100060,2024-08-25 06:23:53,28.14,SBI,SUCCESS,
1733,MID100060,2024-08-07 08:10:58,70.95,SBI,SUCCESS,
1734,MID100060,2024-08-09 07:10:34,93.54,SBI,SUCCESS,
1735,MID100060,2024-08-14 15:01:08,60.15,SBI,SUCCESS,
1736,MID100060,2024-08-20 21:26:06,107.21,SBI,SUCCESS,
1737,MID100060,2024-08-02 18:29:34,280.07,SBI,SUCCESS,
1738,MID100060,2024-08-16 17:48:06,120.58,SBI,SUCCESS,
1739,MID100060,2024-08-19 17:49:23,79.05,SBI,SUCCESS,
1740,MID100060,2024-08-10 16:06:51,27.45,SBI,SUCCESS,
1741,MID100060,2024-08-11 18:13:49,27.14,SBI,SUCCESS,
1742,MID100060,2024-08-17 11:06:34,397.83,SBI,SUCCESS,
1743,MID100060,2024-08-20 23:26:47,118.12,ICICI,SUCCESS,
1744,MID100060,2024-08-19 17:27:21,334.33,ICICI,SUCCESS,
1745,MID100060,2024-08-25 10:06:00,103.63,ICICI,SUCCESS,
1746,MID100060,2024-08-05 09:37:11,48.62,ICICI,SUCCESS,
1747,MID100060,2024-08-20 07:59:53,116.15,ICICI,SUCCESS,
1748,MID100060,2024-08-17 11:35:16,34.75,ICICI,FAILED,TIMEOUT
1749,MID100060,2024-08-02 11:40:39,69.43,ICICI,SUCCESS,
1750,MID100060,2024-08-13 18:50:22,212.23,ICICI,SUCCESS,
1751,MID100060,2024-08-12 18:32:41,133.6,ICICI,SUCCESS,
1752,MID100060,2024-08-09 07:38:55,244.39,ICICI,SUCCESS,
1753,MID100060,2024-08-11 06:52:41,215.07,ICICI,SUCCESS,
1754,MID100060,2024-08-31 18:17:27,246.9,ICICI,SUCCESS,
1755,MID100060,2024-08-01 13:14:02,126.34,ICICI,SUCCESS,
1756,MID100060,2024-08-16 07:36:48,135.24,ICICI,SUCCESS,
1757,MID100060,2024-08-31 18:54:26,77.29,ICICI,SUCCESS,
1758,MID100060,2024-08-03 05:24:04,30.98,ICICI,SUCCESS,
1759,MID100060,2024-08-21 08:52:14,99.27,ICICI,SUCCESS,
1760,MID100060,2024-08-04 18:32:14,151.74,ICICI,SUCCESS,
1761,MID100060,2024-08-26 06:24:33,44.34,ICICI,SUCCESS,
1762,MID100060,2024-08-16 23:41:10,133.03,ICICI,SUCCESS,
1763,MID100060,2024-08-20 15:19:51,61.54,ICICI,SUCCESS,
1764,MID100060,2024-08-05 22:12:06,34.87,ICICI,SUCCESS,
1765,MID100060,2024-08-24 04:38:12,72.36,ICICI,SUCCESS,
1766,MID100060,2024-08-23 19:17:27,111.14,ICICI,SUCCESS,
1767,MID100060,2024-08-24 07:38:13,71.78,ICICI,SUCCESS,
1768,MID100060,2024-08-03 17:31:07,120.09,ICICI,SUCCESS,
1769,MID100060,2024-08-25 15:18:18,84.94,ICICI,SUCCESS,
1770,MID100060,2024-08-09 20:04:28,330.59,ICICI,SUCCESS,
1771,MID100060,2024-08-27 19:27:36,195.54,AXIS,SUCCESS,
1772,MID100060,2024-08-02 12:32:22,16.96,AXIS,SUCCESS,
1773,MID100060,2024-08-18 13:06:50,92.45,AXIS,SUCCESS,
1774,MID100060,2024-08-09 08:02:21,111.32,AXIS,SUCCESS,
1775,MID100060,2024-08-04 11:09:32,233.54,AXIS,SUCCESS,
1776,MID100060,2024-08-11 19:23:34,55.09,AXIS,SUCCESS,
1777,MID100060,2024-08-21 17:11:54,102.98,AXIS,SUCCESS,
1778,MID100060,2024-08-27 18:33:32,83.37,AXIS,SUCCESS,
1779,MID100060,2024-08-04 09:54:17,92.84,AXIS,SUCCESS,
1780,MID100060,2024-08-24 19:46:39,127.69,AXIS,SUCCESS,
1781,MID100060,2024-08-18 10:50:23,107.67,AXIS,SUCCESS,
1782,MID100060,2024-08-24 20:55:58,59.06,AXIS,SUCCESS,
1783,MID100060,2024-08-20 18:06:17,142.9,AXIS,SUCCESS,
1784,MID100060,2024-08-29 08:30:40,262.8,AXIS,SUCCESS,
1785,MID100060,2024-08-28 11:35:43,121.27,AXIS,SUCCESS,
1786,MID100060,2024-08-20 09:24:12,194.92,AXIS,FAILED,LIMIT_EXCEEDED
1787,MID100060,2024-08-12 19:57:56,81.43,AXIS,SUCCESS,
1788,MID100060,2024-08-26 14:16:39,248.45,AXIS,SUCCESS,
1789,MID100060,2024-08-26 11:45:24,33.4,AXIS,SUCCESS,
1790,MID100060,2024-08-09 07:12:09,206.43,AXIS,SUCCESS,
1791,MID100060,2024-08-18 16:24:03,307.68,AXIS,SUCCESS,
1792,MID100060,2024-08-07 10:31:33,30.59,AXIS,SUCCESS,
1793,MID100060,2024-08-14 13:44:58,215.94,AXIS,SUCCESS,
1794,MID100060,2024-08-29 06:43:13,183.06,AXIS,SUCCESS,
1795,MID100060,2024-08-13 10:40:28,80.73,AXIS,SUCCESS,
1796,MID100060,2024-08-22 15:18:24,537.46,AXIS,SUCCESS,
1797,MID100060,2024-08-07 18:56:19,34.61,AXIS,SUCCESS,
1798,MID100060,2024-08-17 16:50:05,220.55,AXIS,SUCCESS,
1799,MID100060,2024-08-10 18:23:24,182.67,AXIS,FAILED,INSUFFICIENT_FUNDS
1800,MID100060,2024-08-04 15:32:54,48.31,AXIS,SUCCESS,
1801,MID100060,2024-08-28 15:16:56,148.89,AXIS,SUCCESS,
1802,MID100060,2024-08-14 16:13:42,128.51,AXIS,FAILED,INCORRECT_PIN
1803,MID100060,2024-08-15 17:26:10,80.39,AXIS,SUCCESS,
1804,MID100060,2024-08-25 08:20:03,76.96,AXIS,SUCCESS,
1805,MID100060,2024-08-26 16:16:26,18.85,AXIS,SUCCESS,
1806,MID100060,2024-08-10 01:33:41,47.75,AXIS,SUCCESS,
1807,MID100060,2024-08-10 15:20:22,404.94,AXIS,SUCCESS,
1808,MID100060,2024-08-29 07:02:31,172.75,AXIS,SUCCESS,
1809,MID100060,2024-08-25 17:03:30,127.29,AXIS,SUCCESS,
1810,MID100060,2024-08-18 17:15:37,253.65,AXIS,SUCCESS,
1811,MID100060,2024-08-31 12:05:27,141.19,AXIS,SUCCESS,
1812,MID100060,2024-08-03 11:48:40,144.73,AXIS,SUCCESS,
1813,MID100060,2024-08-24 19:15:56,131.18,AXIS,SUCCESS,
1814,MID100060,2024-08-23 17:03:38,74.03,AXIS,SUCCESS,
1815,MID100060,2024-08-25 18:41:30,77.22,AXIS,SUCCESS,
1816,MID100060,2024-08-03 15:14:07,131.69,AXIS,SUCCESS,
1817,MID100060,2024-08-20 19:29:20,24.33,AXIS,SUCCESS,
1818,MID100060,2024-08-28 12:59:15,126.74,AXIS,SUCCESS,
1819,MID100060,2024-08-10 06:49:23,103.07,AXIS,SUCCESS,
1820,MID100060,2024-08-16 20:40:28,30.69,AXIS,SUCCESS,
1821,MID100060,2024-08-27 20:17:10,116.91,AXIS,SUCCESS,
1822,MID100060,2024-08-26 19:38:00,168.6,AXIS,FAILED,INSUFFICIENT_FUNDS
1823,MID100060,2024-08-03 16:40:24,220.28,AXIS,SUCCESS,
1824,MID100060,2024-08-09 10:14:14,34.38,AXIS,SUCCESS,
1825,MID100060,2024-08-25 18:05:14,171.72,AXIS,SUCCESS,
1826,MID100060,2024-08-13 19:54:02,52.89,AXIS,SUCCESS,
1827,MID100060,2024-08-28 08:54:40,752.61,AXIS,SUCCESS,
1828,MID100060,2024-08-24 16:44:25,564.21,AXIS,SUCCESS,
1829,MID100060,2024-08-05 19:28:11,277.92,AXIS,SUCCESS,
1830,MID100060,2024-08-23 09:33:20,72.91,AXIS,SUCCESS,
1831,MID100060,2024-08-05 09:08:16,240.12,AXIS,SUCCESS,
1832,MID100060,2024-08-09 14:31:58,90.44,AXIS,SUCCESS,
1833,MID100060,2024-08-11 02:26:58,68.81,AXIS,SUCCESS,
1834,MID100060,2024-08-12 17:14:00,70.24,AXIS,SUCCESS,
1835,MID100060,2024-08-04 16:05:00,58.81,AXIS,SUCCESS,
1836,MID100060,2024-08-24 16:35:05,56.22,AXIS,SUCCESS,
1837,MID100060,2024-08-26 18:40:18,158.25,AXIS,SUCCESS,
1838,MID100060,2024-08-04 06:13:30,175.65,AXIS,SUCCESS,
1839,MID100060,2024-08-30 19:01:08,207.21,AXIS,SUCCESS,
1840,MID100060,2024-08-02 13:44:06,147.18,AXIS,SUCCESS,
1841,MID100060,2024-08-27 16:19:51,99.84,AXIS,SUCCESS,
1842,MID100060,2024-08-31 14:07:40,22.78,AXIS,SUCCESS,
1843,MID100060,2024-08-21 06:53:47,67.0,AXIS,FAILED,INSUFFICIENT_FUNDS
1844,MID100060,2024-08-14 08:37:51,118.03,AXIS,SUCCESS,
1845,MID100060,2024-08-12 07:05:39,65.64,AXIS,SUCCESS,
1846,MID100060,2024-08-30 11:57:41,143.53,AXIS,SUCCESS,
1847,MID100060,2024-08-23 22:13:30,64.0,AXIS,SUCCESS,
1848,MID100060,2024-08-19 07:27:09,98.75,AXIS,SUCCESS,
1849,MID100060,2024-08-07 02:07:06,127.58,AXIS,SUCCESS,
1850,MID100060,2024-08-10 18:58:18,27.84,AXIS,SUCCESS,
1851,MID100060,2024-08-04 19:05:24,115.1,AXIS,SUCCESS,
1852,MID100060,2024-08-12 09:30:55,396.51,AXIS,SUCCESS,
1853,MID100060,2024-08-24 07:40:32,113.48,AXIS,SUCCESS,
1854,MID100060,2024-08-25 10:20:40,71.12,AXIS,FAILED,INSUFFICIENT_FUNDS
1855,MID100060,2024-08-02 18:48:56,302.25,AXIS,SUCCESS,
1856,MID100060,2024-08-04 21:33:38,78.99,AXIS,SUCCESS,
1857,MID100060,2024-08-03 06:20:46,177.61,AXIS,SUCCESS,
1858,MID100060,2024-08-12 16:16:45,676.7,KOTAK,SUCCESS,
1859,MID100060,2024-08-13 17:21:19,34.78,KOTAK,SUCCESS,
1860,MID100060,2024-08-28 14:16:27,46.48,KOTAK,SUCCESS,
1861,MID100060,2024-08-08 10:31:05,28.03,KOTAK,SUCCESS,
1862,MID100060,2024-08-01 16:58:23,116.18,KOTAK,SUCCESS,
1863,MID100060,2024-08-20 12:59:51,260.48,KOTAK,SUCCESS,
1864,MID100060,2024-08-30 08:11:03,118.92,KOTAK,SUCCESS,
1865,MID100060,2024-08-01 07:18:49,31.85,KOTAK,SUCCESS,
1866,MID100060,2024-08-30 19:41:41,157.79,KOTAK,SUCCESS,
1867,MID100060,2024-08-05 07:23:24,36.21,KOTAK,SUCCESS,
1868,MID100060,2024-08-25 18:19:15,70.76,KOTAK,SUCCESS,
1869,MID100060,2024-08-16 17:06:06,76.78,KOTAK,SUCCESS,
1870,MID100060,2024-08-10 18:58:06,113.16,PNB,SUCCESS,
1871,MID100060,2024-08-24 19:35:13,103.23,PNB,SUCCESS,
1872,MID100060,2024-08-04 06:22:52,386.87,PNB,SUCCESS,
1873,MID100060,2024-08-07 23:29:04,27.95,PNB,SUCCESS,
1874,MID100060,2024-08-24 08:08:49,365.27,PNB,SUCCESS,
1875,MID100060,2024-08-03 22:41:41,204.76,PNB,SUCCESS,
1876,MID100060,2024-08-22 15:25:26,110.76,PNB,SUCCESS,
1877,MID100060,2024-08-15 05:01:36,439.95,PNB,SUCCESS,
1878,MID100060,2024-08-16 19:13:34,75.16,PNB,SUCCESS,
1879,MID100060,2024-08-07 17:13:29,75.65,PNB,SUCCESS,
1880,MID100060,2024-08-08 19:16:12,66.32,PNB,SUCCESS,
1881,MID100060,2024-08-31 10:21:34,177.98,PNB,SUCCESS,
1882,MID100060,2024-08-12 19:22:46,168.27,PNB,SUCCESS,
1883,MID100060,2024-08-26 10:51:31,407.11,PNB,SUCCESS,
1884,MID100060,2024-08-13 15:59:46,142.51,PNB,SUCCESS,
1885,MID100060,2024-08-27 19:26:45,18.83,PNB,FAILED,TIMEOUT
1886,MID100060,2024-08-11 16:08:42,262.8,PNB,SUCCESS,
1887,MID100060,2024-08-07 07:30:03,242.9,PNB,SUCCESS,
1888,MID100060,2024-08-06 17:38:01,107.49,CANARA,SUCCESS,
1889,MID100060,2024-08-17 17:29:28,150.33,YES,SUCCESS,
1890,MID100060,2024-08-16 23:56:22,158.08,YES,SUCCESS,
1891,MID100060,2024-08-20 19:55:47,40.18,YES,SUCCESS,
1892,MID100060,2024-08-18 10:32:03,66.89,YES,SUCCESS,
1893,MID100060,2024-08-06 11:07:41,70.23,YES,SUCCESS,
1894,MID100060,2024-08-15 12:38:46,167.15,YES,SUCCESS,
1895,MID100060,2024-08-31 12:35:46,72.87,YES,FAILED,INSUFFICIENT_FUNDS
1896,MID100060,2024-08-03 11:58:59,51.3,YES,SUCCESS,
1897,MID100060,2024-08-01 15:03:56,114.49,YES,SUCCESS,
1898,MID100060,2024-08-15 15:01:15,172.23,YES,SUCCESS,
1899,MID100060,2024-08-06 09:15:07,21.76,IDFC,SUCCESS,
1900,MID100060,2024-08-08 10:16:42,178.28,IDFC,SUCCESS,
1901,MID100060,2024-08-05 15:01:00,54.91,IDFC,SUCCESS,
1902,MID100060,2024-08-02 09:23:23,103.08,PAYTM_PB,SUCCESS,
1903,MID100060,2024-08-17 17:35:38,124.79,PAYTM_PB,SUCCESS,
1904,MID100060,2024-08-15 16:49:12,15.46,PAYTM_PB,SUCCESS,
1905,MID100062,2024-08-10 19:45:43,326.7,HDFC,SUCCESS,
1906,MID100062,2024-08-08 15:01:31,560.56,HDFC,SUCCESS,
1907,MID100062,2024-08-06 12:45:36,173.38,HDFC,SUCCESS,
1908,MID100062,2024-08-28 14:22:25,403.13,HDFC,SUCCESS,
1909,MID100062,2024-08-17 18:05:22,292.95,HDFC,SUCCESS,
1910,MID100062,2024-08-30 19:32:53,142.57,HDFC,SUCCESS,
1911,MID100062,2024-08-20 17:54:29,328.46,HDFC,SUCCESS,
1912,MID100062,2024-08-08 12:52:49,83.52,HDFC,SUCCESS,
1913,MID100062,2024-08-31 22:02:33,110.83,HDFC,SUCCESS,
1914,MID100062,2024-08-17 11:01:11,163.98,HDFC,SUCCESS,
1915,MID100062,2024-08-01 20:22:56,64.42,HDFC,SUCCESS,
1916,MID100062,2024-08-10 22:00:53,699.68,HDFC,SUCCESS,
1917,MID100062,2024-08-19 12:29:55,162.0,HDFC,SUCCESS,
1918,MID100062,2024-08-09 19:51:14,380.96,HDFC,SUCCESS,
1919,MID100062,2024-08-05 12:45:31,201.32,HDFC,SUCCESS,
1920,MID100062,2024-08-07 12:53:41,772.45,HDFC,SUCCESS,
1921,MID100062,2024-08-13 12:33:03,273.95,HDFC,SUCCESS,
1922,MID100062,2024-08-29 18:31:18,132.64,HDFC,SUCCESS,
1923,MID100062,2024-08-24 09:48:29,447.48,HDFC,FAILED,INCORRECT_PIN
1924,MID100062,2024-08-10 20:14:20,194.05,HDFC,FAILED,INSUFFICIENT_FUNDS
1925,MID100062,2024-08-27 11:08:48,164.13,HDFC,SUCCESS,
1926,MID100062,2024-08-27 19:29:07,194.02,HDFC,SUCCESS,
1927,MID100062,2024-08-25 15:50:34,222.9,HDFC,SUCCESS,
1928,MID100062,2024-08-21 11:42:48,407.01,HDFC,SUCCESS,
1929,MID100062,2024-08-13 20:22:32,395.81,HDFC,SUCCESS,
1930,MID100062,2024-08-15 09:14:13,211.88,HDFC,SUCCESS,
1931,MID100062,2024-08-22 18:59:02,292.29,HDFC,SUCCESS,
1932,MID100062,2024-08-01 19:40:48,74.08,HDFC,SUCCESS,
1933,MID100062,2024-08-23 20:54:20,255.37,HDFC,SUCCESS,
1934,MID100062,2024-08-20 15:21:25,161.1,HDFC,SUCCESS,
1935,MID100062,2024-08-31 16:43:20,778.76,HDFC,SUCCESS,
1936,MID100062,2024-08-01 13:02:12,398.92,HDFC,SUCCESS,
1937,MID100062,2024-08-24 22:24:20,193.9,HDFC,SUCCESS,
1938,MID100062,2024-08-17 19:07:05,260.41,HDFC,SUCCESS,
1939,MID100062,2024-08-17 19:48:26,288.87,HDFC,SUCCESS,
1940,MID100062,2024-08-22 21:40:50,239.28,HDFC,SUCCESS,
1941,MID100062,2024-08-26 12:41:22,185.41,HDFC,SUCCESS,
1942,MID100062,2024-08-22 08:25:04,401.32,HDFC,SUCCESS,
1943,MID100062,2024-08-17 19:58:25,215.7,HDFC,SUCCESS,
1944,MID100062,2024-08-13 12:33:37,308.43,HDFC,SUCCESS,
1945,MID100062,2024-08-21 13:43:14,246.03,HDFC,SUCCESS,
1946,MID100062,2024-08-25 19:22:13,979.4,HDFC,SUCCESS,
1947,MID100062,2024-08-30 19:49:45,30.56,HDFC,SUCCESS,
1948,MID100062,2024-08-26 14:56:56,676.22,HDFC,SUCCESS,
1949,MID100062,2024-08-18 12:57:09,411.75,HDFC,SUCCESS,
1950,MID100062,2024-08-22 12:56:42,137.26,HDFC,SUCCESS,
1951,MID100062,2024-08-24 19:08:19,241.36,HDFC,SUCCESS,
1952,MID100062,2024-08-11 08:08:25,161.75,HDFC,SUCCESS,
1953,MID100062,2024-08-06 16:45:06,318.94,HDFC,SUCCESS,
1954,MID100062,2024-08-23 21:19:44,103.61,HDFC,SUCCESS,
1955,MID100062,2024-08-14 18:21:01,267.02,HDFC,SUCCESS,
1956,MID100062,2024-08-31 03:47:15,107.56,HDFC,SUCCESS,
1957,MID100062,2024-08-27 16:22:27,244.49,HDFC,SUCCESS,
1958,MID100062,2024-08-06 15:49:52,205.49,HDFC,SUCCESS,
1959,MID100062,2024-08-24 21:47:58,256.9,HDFC,SUCCESS,
1960,MID100062,2024-08-14 13:55:23,556.05,HDFC,SUCCESS,
1961,MID100062,2024-08-16 10:18:52,128.46,HDFC,SUCCESS,
1962,MID100062,2024-08-31 10:31:48,208.66,HDFC,SUCCESS,
1963,MID100062,2024-08-31 19:39:00,362.08,HDFC,SUCCESS,
1964,MID100062,2024-08-27 19:18:20,105.71,HDFC,SUCCESS,
1965,MID100062,2024-08-11 20:27:57,1115.05,HDFC,SUCCESS,
1966,MID100062,2024-08-22 03:53:05,87.65,HDFC,SUCCESS,
1967,MID100062,2024-08-27 07:06:55,480.51,HDFC,SUCCESS,
1968,MID100062,2024-08-16 21:15:44,296.41,HDFC,SUCCESS,
1969,MID100062,2024-08-09 11:12:36,727.49,HDFC,SUCCESS,
1970,MID100062,2024-08-24 08:49:08,141.14,HDFC,SUCCESS,
1971,MID100062,2024-08-28 10:52:27,635.75,HDFC,SUCCESS,
1972,MID100062,2024-08-31 19:22:15,328.71,HDFC,SUCCESS,
1973,MID100062,2024-08-15 16:36:23,200.08,HDFC,SUCCESS,
1974,MID100062,2024-08-09 11:01:43,230.92,HDFC,SUCCESS,
1975,MID100062,2024-08-07 08:36:46,308.25,HDFC,SUCCESS,
1976,MID100062,2024-08-05 11:26:38,147.3,HDFC,SUCCESS,
1977,MID100062,2024-08-17 06:15:05,253.45,HDFC,SUCCESS,
1978,MID100062,2024-08-06 18:22:29,128.67,HDFC,SUCCESS,
1979,MID100062,2024-08-27 13:51:11,166.22,HDFC,SUCCESS,
1980,MID100062,2024-08-23 02:31:29,430.07,HDFC,SUCCESS,
1981,MID100062,2024-08-06 20:58:31,575.66,HDFC,SUCCESS,
1982,MID100062,2024-08-08 14:42:10,120.3,HDFC,SUCCESS,
1983,MID100062,2024-08-15 13:07:26,147.35,HDFC,SUCCESS,
1984,MID100062,2024-08-18 19:29:01,296.09,SBI,SUCCESS,
1985,MID100062,2024-08-20 11:56:25,283.81,SBI,FAILED,USER_CANCELLED
1986,MID100062,2024-08-22 22:03:47,158.72,SBI,SUCCESS,
1987,MID100062,2024-08-26 13:37:53,369.49,SBI,SUCCESS,
1988,MID100062,2024-08-01 20:56:18,484.39,SBI,SUCCESS,
1989,MID100062,2024-08-07 23:56:52,674.69,SBI,SUCCESS,
1990,MID100062,2024-08-31 12:57:21,645.97,SBI,SUCCESS,
1991,MID100062,2024-08-09 15:55:27,286.53,SBI,SUCCESS,
1992,MID100062,2024-08-29 20:22:31,251.69,SBI,SUCCESS,
1993,MID100062,2024-08-15 11:20:56,174.24,SBI,SUCCESS,
1994,MID100062,2024-08-06 19:45:29,340.52,SBI,SUCCESS,
1995,MID100062,2024-08-19 08:28:56,509.37,SBI,SUCCESS,
1996,MID100062,2024-08-10 17:54:14,86.0,SBI,SUCCESS,
1997,MID100062,2024-08-28 08:31:17,60.35,SBI,SUCCESS,
1998,MID100062,2024-08-27 13:32:15,600.19,SBI,SUCCESS,
1999,MID100062,2024-08-22 18:33:28,285.01,SBI,SUCCESS,
